time_s,V_exp,FDM,FVM-S0,FVM-S1,FVM-S2
0,4.18713283538818,4.18713730305416,4.18713730305416,4.18713730305416,4.18713730305416
1,4.04747819900513,4.04030869977658,4.04136703025211,4.0408290419706,4.04065084199752
2,4.0417857170105,4.03614422392826,4.03922726414564,4.03764665244185,4.03712797472321
3,4.03752136230469,4.03215210260285,4.03712941160739,4.03455379640091,4.03371731560886
4,4.03383588790894,4.0283242087914,4.03506907934785,4.03154556513149,4.03041345520062
5,4.0307788848877,4.02466153904316,4.03305122153617,4.02862632490816,4.02722020618851
6,4.02796792984009,4.02115559058467,4.0310714858458,4.02579106023876,4.02413195109143
7,4.02525758743286,4.0178027291286,4.0291305631949,4.02303971558755,4.02114798602849
8,4.02268981933594,4.01459824988387,4.02722817013208,4.0203711984939,4.01826653552399
9,4.0204029083252,4.01153775516603,4.02536439812532,4.01778473479032,4.01548611416071
10,4.01832628250122,4.00861527494046,4.02353779989376,4.01527795813861,4.01280362132991
11,4.01611232757568,4.00582662515057,4.02174871740479,4.01285024381667,4.01021768043489
12,4.0140700340271,4.00316276471618,4.01999262616964,4.010496055112,4.00772199015033
13,4.01223659515381,4.0006234959899,4.01827379510881,4.00821861685968,4.00531900508371
14,4.01048707962036,3.99820308394491,4.01659085921899,4.00601550244029,4.0030055296126
15,4.00871896743774,3.99589536968047,4.01494196293639,4.00388376794003,4.00077785180547
16,4.00712299346924,3.99369604556875,4.01332700658261,4.00182220349734,3.99863399853257
17,4.00540828704834,3.9916016453592,4.01174661138277,3.9998303095337,3.99657271689015
18,4.00379848480225,3.98960464698186,4.01019722578384,3.99790340155581,3.99458858017669
19,4.00241088867188,3.98770342043836,4.00868107696371,3.99604256873265,3.99268194982454
20,4.00093841552734,3.98589419450199,4.00719810188349,3.99424661157254,3.99085091597289
21,3.99950265884399,3.98416991147507,4.0057448210289,3.99251091299483,3.98909016871663
22,3.99807190895081,3.98253063015162,4.00432473401446,3.99083784067802,3.98740140296004
23,3.99668979644775,3.98097069809555,4.00293548743786,3.98922391653792,3.98578048879108
24,3.99539470672607,3.97948432868239,4.00157446347602,3.98766540326679,3.98422305789763
25,3.99417948722839,3.97807132480567,4.00024449771752,3.98616402865353,3.9827302297632
26,3.99305462837219,3.97672463736134,3.99894144041044,3.98471454701458,3.98129617323849
27,3.99172043800354,3.9754438767192,3.99766766505182,3.98331825208927,3.97992162039965
28,3.99055314064026,3.97422528229865,3.99642204167415,3.98197295177263,3.97860384139651
29,3.98944139480591,3.97306575200301,3.99520397231208,3.98067700367398,3.97734067974422
30,3.98833227157593,3.97196388038068,3.99401443245022,3.97943035818777,3.97613159538653
31,3.98719620704651,3.97091389251524,3.99284991262543,3.9782284985863,3.97497160411512
32,3.98610615730286,3.96991539687767,3.99171216884275,3.97707219403325,3.97386103069542
33,3.98493957519531,3.96896549045298,3.99060033417455,3.97595961291123,3.97279762199706
34,3.98389911651611,3.96806275406398,3.98951491939336,3.97489032422707,3.97178054791837
35,3.98278307914734,3.96720255285664,3.98845311947738,3.97386060250391,3.97080570542498
36,3.98199558258057,3.96638466505053,3.9874164409981,3.97287105635535,3.96987334674649
37,3.9808828830719,3.96560476529684,3.98640219346441,3.97191812015145,3.9689795705076
38,3.9800329208374,3.96486258088324,3.98541164792663,3.97100221384165,3.96812448105357
39,3.97904634475708,3.96415770025396,3.98444585008076,3.97012355650694,3.96730800126583
40,3.97804927825928,3.9634868975864,3.98350295153179,3.96927949643031,3.96652720176816
41,3.97705674171448,3.96284701943958,3.98258109745786,3.96846739814545,3.96577918736021
42,3.97633171081543,3.96223757772682,3.98168102031003,3.96768723698727,3.9650636910367
43,3.97530341148376,3.96165722460376,3.98080252227809,3.96693808192661,3.96437955609474
44,3.97453856468201,3.96110391794451,3.97994464614037,3.96621826596633,3.96372490575451
45,3.97353029251099,3.9605786654497,3.97910942012185,3.96552913038878,3.96310088656489
46,3.97269153594971,3.96007683078097,3.97829316761111,3.96486633417967,3.96250297731931
47,3.97195959091187,3.95959991513462,3.97749828933548,3.96423163610903,3.96193277044895
48,3.97113823890686,3.95914366971633,3.97672138165976,3.96362101310799,3.96138608988154
49,3.97030711174011,3.95870863897834,3.97596378180588,3.96303520513451,3.96086353518054
50,3.96947193145752,3.95829274715701,3.97522415756727,3.96247230450106,3.96036307022059
51,3.96868705749512,3.95789636365194,3.97450357503204,3.96193282279833,3.9598850893611
52,3.96795511245728,3.95751838767127,3.97380158636652,3.96141577808073,3.95942850400995
53,3.96719002723694,3.95715715166235,3.97311713485409,3.96091959994098,3.95899164727109
54,3.96630263328552,3.95681104276423,3.97244917693979,3.96044275177833,3.95857289580702
55,3.96554899215698,3.95648153797901,3.97179972096805,3.95998676812039,3.95817370633973
56,3.96493983268738,3.95616501713268,3.97116564384689,3.95954807135257,3.95779043200026
57,3.96418428421021,3.95586306340624,3.97054899187005,3.95912827170806,3.95742462172488
58,3.96346640586853,3.95557202950743,3.96994654767878,3.95872373491657,3.95707258767183
59,3.96274399757385,3.95529382376258,3.96936061817195,3.95833636879632,3.95673619114222
60,3.96195220947266,3.9550262484459,3.96878937629767,3.95796396454885,3.95641318343052
61,3.9612934589386,3.95476968465949,3.96823354729024,3.95760688229072,3.95610389089364
62,3.96063089370728,3.95452310707062,3.96769242416769,3.95726406639211,3.95580722995242
63,3.96000695228577,3.95428623014355,3.96716601505968,3.95693519246519,3.95552285371585
64,3.95941138267517,3.9540564875047,3.96665202294778,3.95661764780042,3.95524813222234
65,3.95869612693787,3.95383519414318,3.96615200954422,3.95631269384829,3.95498431439435
66,3.95800065994263,3.95362202813939,3.965665880431,3.95601994988997,3.95473101123675
67,3.95736360549927,3.95341623700043,3.96519309240149,3.95573860021505,3.95448740276858
68,3.95681595802307,3.95321684769645,3.964732862384,3.95546760370775,3.95425244745968
69,3.95617008209229,3.95302287829639,3.96428437898689,3.95520590554927,3.95402509369287
70,3.95562505722046,3.95283658529392,3.96385005338403,3.9549556856726,3.95380752772034
71,3.95496726036072,3.95265321452752,3.96342527101434,3.95471211188635,3.9535949267344
72,3.95432662963867,3.95247581220445,3.96301320207022,3.95447814912278,3.95339026777639
73,3.95369291305542,3.95230242150398,3.96261199958321,3.95425175718839,3.95319152526743
74,3.95312094688416,3.95213316533976,3.9622218832707,3.95403297414442,3.95299875417129
75,3.95256543159485,3.95196655999558,3.961841453157,3.95382023022847,3.95281040374787
76,3.95191359519958,3.95180456767793,3.96147274335565,3.95361540003983,3.95262836948307
77,3.95145463943481,3.95164646470554,3.96111509202903,3.95341767194991,3.95245186235663
78,3.95085048675537,3.95148876388461,3.9607650623768,3.95322347104585,3.95227733167003
79,3.95029759407043,3.95133544722037,3.9604266755727,3.95303669003433,3.95210869572847
80,3.9496796131134,3.95118359693715,3.96009704424668,3.95285432243938,3.95194297490737
81,3.94920587539673,3.95103400631587,3.95977698361972,3.95267707341478,3.95178090234075
82,3.94872784614563,3.95088497553694,3.95946480677907,3.95250315556152,3.95162071956422
83,3.94818806648254,3.95073706348305,3.95916107672752,3.95233304028511,3.95146292772433
84,3.94768476486206,3.95059158259324,3.95886710293042,3.95216795282638,3.95130878260329
85,3.94709038734436,3.95044722526812,3.95858156864605,3.95200649978411,3.95115692206651
86,3.94663047790527,3.95030222186395,3.95830268784013,3.95184682712636,3.951005523797
87,3.94603681564331,3.95015742880251,3.95803129292009,3.95168970724722,3.95085539221502
88,3.94561338424683,3.95001441180897,3.95776891989093,3.951536622452,3.95070804212443
89,3.9451310634613,3.94986902497597,3.95751138875905,3.95138334625008,3.95055927972745
90,3.94461917877197,3.94972649423009,3.9572638852502,3.9512350238381,3.9504142832991
91,3.9441704750061,3.94957984484769,3.95701938991889,3.95108460254984,3.95026603307707
92,3.9436628818512,3.94943697982748,3.95678575477465,3.95093990645113,3.95012238638469
93,3.94319701194763,3.94929238175059,3.95655740818824,3.95079534185601,3.94997778290865
94,3.94276857376099,3.94914467464244,3.95633291645083,3.95064945946593,3.94983080623604
95,3.94225835800171,3.94899843848571,3.95611679615959,3.95050676537377,3.94968599532285
96,3.94180274009705,3.94885038055844,3.95590568840882,3.95036389514543,3.94954001859295
97,3.94133853912354,3.94870161029845,3.95570063341238,3.95022188842349,3.94939394845821
98,3.94083189964294,3.94854976970879,3.95549920119771,3.95007831967298,3.94924539154189
99,3.94043469429016,3.94839805662382,3.95530451333386,3.94993631927351,3.94909751019911
100,3.94003915786743,3.94824418452483,3.95511420486275,3.94979353536261,3.94894798435001
101,3.93961405754089,3.9480893014477,3.95492934274581,3.94965105219288,3.94879792984333
102,3.93915438652039,3.94793282555294,3.95474926146678,3.94950822560092,3.94864673373435
103,3.93876671791077,3.94777378014902,3.95457289889347,3.9493640185452,3.94849338953337
104,3.93831729888916,3.94761315683134,3.95440115889074,3.94921936350438,3.94833885982576
105,3.93793725967407,3.94745064428231,3.95423364053416,3.9490738916378,3.94818280559551
106,3.93755483627319,3.94728626357288,3.95407027357697,3.94892756815786,3.94802522155406
107,3.93712639808655,3.94711878660494,3.95390973787436,3.94877911127436,3.94786485465325
108,3.93669605255127,3.94694900929061,3.95375273561199,3.94862926424313,3.94770247624516
109,3.93623375892639,3.94677915904718,3.9536013968456,3.94848020163504,3.94754028918398
110,3.93587374687195,3.94660407998596,3.95345047044949,3.94832671903809,3.94737311634983
111,3.9354236125946,3.9464287643423,3.95330485039554,3.94817375974578,3.94720592792541
112,3.93503761291504,3.94624876012363,3.95315998746626,3.9480168256264,3.94703425171435
113,3.93462991714478,3.94606849909041,3.95302021290791,3.94786030192597,3.94686249892912
114,3.93421459197998,3.94588439272714,3.95288183826717,3.94770055629472,3.9466870626254
115,3.93384766578674,3.94569871719659,3.95274703832985,3.9475398217242,3.94651020072055
116,3.9334990978241,3.94550916915308,3.95261340934265,3.94737575382039,3.94632959276568
117,3.93321132659912,3.94531865762133,3.9524837573693,3.94721122034888,3.94614813032022
118,3.93264722824097,3.9451240610287,3.95235485969386,3.94704306158753,3.94596267671744
119,3.93229866027832,3.94492534325168,3.95222658139723,3.94687120579845,3.94577318204703
120,3.93209791183472,3.94472509218771,3.95210140852014,3.94669820416431,3.94558221916521
121,3.93172860145569,3.94452345763633,3.95197938553916,3.94652416963274,3.94538992320588
122,3.93133735656738,3.94431792913444,3.95185789900431,3.94634655810547,3.945193771483
123,3.93093156814575,3.94410973741542,3.95173807764497,3.94616656752723,3.94499498218551
124,3.93056893348694,3.94389869248822,3.95161962991266,3.94598397598256,3.9447933528613
125,3.93027424812317,3.94368256787226,3.95150023173991,3.94579652858011,3.94458664698735
126,3.92987966537476,3.94346691507636,3.95138533069278,3.94560974584149,3.94438040431984
127,3.92940163612366,3.94324530591882,3.95126839925254,3.94541717297041,3.94416818832239
128,3.92931985855103,3.94302402274095,3.95115561556476,3.94522506290421,3.94395627027172
129,3.92880535125732,3.94279798044796,3.95104179409924,3.9450283041988,3.94373955597819
130,3.92848634719849,3.94256853567663,3.95092819413321,3.94482822911036,3.94351939380296
131,3.92817521095276,3.94233723532379,3.95081626312947,3.94462635957222,3.94329732176537
132,3.92783093452454,3.94210222791062,3.95070405167778,3.94442082142348,3.94307148148104
133,3.92747712135315,3.94186375302715,3.95059170317399,3.94421183285595,3.94284210614954
134,3.92716765403748,3.94162464751575,3.95048195348608,3.94400220687596,3.94261202412933
135,3.92680263519287,3.94137987651738,3.95036967339812,3.94378688931772,3.94237619526363
136,3.92649674415588,3.94113453895841,3.95025986422847,3.94357095778082,3.94213971113764
137,3.92611598968506,3.94088518462145,3.95014898070096,3.9433509430633,3.94189911598575
138,3.92580223083496,3.94063277256199,3.95003788884779,3.94312778660937,3.94165536401032
139,3.9255518913269,3.94037856509283,3.94992775622373,3.94290273240212,3.94140971191017
140,3.925208568573,3.94011834064723,3.94981427440109,3.94267154494729,3.94115793528953
141,3.9249095916748,3.93986012685037,3.9497053727754,3.94244223175966,3.94090805424188
142,3.92453217506409,3.93959607149246,3.94959310806705,3.94220692629122,3.94065221393522
143,3.92423582077026,3.93932969960875,3.94948091719422,3.94196913980154,3.94039393619401
144,3.92391681671143,3.93905982707458,3.94936753011699,3.94172767461992,3.94013203297313
145,3.92361950874329,3.93878740652878,3.94925381309509,3.94148347023162,3.93986745343543
146,3.92322063446045,3.93851099988105,3.9491382446755,3.94123507787311,3.93959875808517
147,3.92297458648682,3.93823307287061,3.94902320375273,3.94098495063005,3.93932840954274
148,3.92275547981262,3.93795326620085,3.94890824161657,3.94073271564982,3.93905604479019
149,3.92239737510681,3.93767002219884,3.94879171581755,3.94047680424232,3.93878010406167
150,3.92210626602173,3.9373833856059,3.94867359156506,3.94021725171979,3.93850063023962
151,3.92181587219238,3.93709385661365,3.94855429080019,3.93995454892943,3.93821812122907
152,3.92154121398926,3.93680302420353,3.94843532019828,3.93969027468266,3.93793416378448
153,3.92129611968994,3.936505894722,3.94831161465807,3.9394194312016,3.9376437664373
154,3.92089891433716,3.93621003527255,3.94819065863704,3.93914957402935,3.9373544920969
155,3.9205687046051,3.93591229510127,3.94806921540135,3.93887754102458,3.93706318691884
156,3.92026782035828,3.93560875299657,3.94794329280055,3.93859940719774,3.93676593180889
157,3.92000532150269,3.93530379488553,3.94781720600157,3.9383195515941,3.93646711065554
158,3.91976714134216,3.93499653512191,3.94768999598704,3.93803708101875,3.93616583565835
159,3.91936993598938,3.93468610268132,3.94756072042837,3.93775111993731,3.93586123691721
160,3.91918730735779,3.93437413414496,3.94743094273163,3.93746329917822,3.93555495101667
161,3.91891002655029,3.93405950616437,3.94729946794568,3.93717248941983,3.93524585380251
162,3.91853809356689,3.9337426598142,3.94716666697274,3.93687912563926,3.9349343849279
163,3.91836953163147,3.93342430935267,3.94703318322644,3.93658391596897,3.93462125736563
164,3.91803312301636,3.9331016608052,3.94689616085016,3.9362840650399,3.93430367935277
165,3.9177348613739,3.93277601309639,3.94675684063224,3.93598087053707,3.93398295117506
166,3.91755509376526,3.93244930079315,3.94661709255687,3.9356762623832,3.93366100626567
167,3.91724729537964,3.93212039083526,3.94647571736606,3.93536910388579,3.93333671220165
168,3.91694927215576,3.93178897269468,3.94633234172383,3.93505908236618,3.93300976003201
169,3.91666841506958,3.93145434565659,3.94618620754323,3.93474549532925,3.93267944958972
170,3.916424036026,3.93112007339587,3.94604081324733,3.9344319002111,3.93234934164077
171,3.91610956192017,3.93078123302891,3.94589118004971,3.93411337435908,3.93201451610014
172,3.91574096679688,3.93044083826897,3.94574026697542,3.93379293099886,3.9316779882807
173,3.915602684021,3.9300984491639,3.94558757819394,3.93347012823805,3.93133931836953
174,3.91537070274353,3.92975386874845,3.94543286142111,3.93314476776088,3.93099831020363
175,3.91499257087708,3.92940775557221,3.94527671966062,3.93281750677334,3.93065562326711
176,3.91478490829468,3.92905764374891,3.94511663980837,3.93248588116392,3.93030879438129
177,3.91449618339539,3.92870842032411,3.94495745205455,3.93215477395882,3.92996270863599
178,3.91425466537476,3.9283554654122,3.94479448574005,3.9318195657411,3.9296127483188
179,3.91410946846008,3.92800191407563,3.94463082390033,3.93148339061304,3.92926204926396
180,3.91373133659363,3.92764579072614,3.94446444319769,3.93114427338826,3.92890863731609
181,3.91340279579163,3.92728559138517,3.94429380186676,3.93080071382954,3.92855101160809
182,3.91326546669006,3.92692628499469,3.94412382012657,3.93045767873461,3.92819413978462
183,3.91305160522461,3.92656282138888,3.94394940539829,3.9301101210267,3.92783297543606
184,3.91273355484009,3.92620047532783,3.94377578125731,3.92976331359338,3.9274727932188
185,3.91251444816589,3.92583478444968,3.94359844131494,3.92941279526599,3.92710913273336
186,3.91226053237915,3.92546708302808,3.94341868129254,3.92905990201184,3.92674332951574
187,3.91207885742188,3.92509729608805,3.94323638912375,3.92870456024834,3.9263753092274
188,3.91166353225708,3.92472799423552,3.94305408927446,3.92834933925337,3.92600764217864
189,3.91131496429443,3.92435549678751,3.9428680621753,3.92799056222803,3.92563665216884
190,3.91116094589233,3.92398086656387,3.94267933712552,3.9276292954074,3.92526340462055
191,3.91089510917664,3.92360588408961,3.94248965631874,3.92726731848524,3.92488967869677
192,3.91070556640625,3.92322734363691,3.94229578332313,3.92690142997075,3.9245122718545
193,3.9106342792511,3.9228482321736,3.94210067130067,3.92653461930948,3.92413417297715
194,3.91016149520874,3.92246858668881,3.9419043180915,3.92616692377005,3.92375541970791
195,3.90990328788757,3.92208718986989,3.94170547035309,3.92579712799278,3.92337479679594
196,3.90961122512817,3.9217032983012,3.9415033560325,3.92542449199079,3.9229915629635
197,3.90943384170532,3.92131953248766,3.94130056197846,3.92505163590808,3.92260833752395
198,3.90919661521912,3.9209336176892,3.94109478323615,3.92467628809997,3.92222284814579
199,3.9090793132782,3.92054543476421,3.94088587605179,3.92429833482302,3.92183497969037
200,3.90867066383362,3.9201573765871,3.94067620242464,3.92392016979271,3.92144712505241
201,3.90848207473755,3.91976762583658,3.94046391533331,3.92353997779299,3.92105746835037
202,3.90827250480652,3.91937638157345,3.94024918742148,3.92315796116014,3.92066621084882
203,3.90793180465698,3.91898457004298,3.94003291763034,3.92277504803575,3.92027427962861
204,3.90775442123413,3.91858939312666,3.93981228990823,3.92238844614374,3.91987888011921
205,3.90756249427795,3.9181950913588,3.93959151833655,3.92200239684533,3.91948425243017
206,3.90725302696228,3.91779925079226,3.93936816253081,3.92161448885565,3.91908798462334
207,3.90697908401489,3.91740251441952,3.93914284071242,3.92122536837868,3.91869072209068
208,3.90679311752319,3.9170046687198,3.93891531677856,3.9208348243772,3.91829225237273
209,3.90660881996155,3.91660503898663,3.93868489805649,3.92044218576033,3.91789190221935
210,3.90643858909607,3.91620405892736,3.93845200162442,3.92004789021186,3.91749010706432
211,3.90629172325134,3.91580351039298,3.9382183859094,3.91965372133399,3.91708864956042
212,3.90595269203186,3.91540025993322,3.9379809010056,3.9192565514871,3.91668440051515
213,3.90574932098389,3.91499825322576,3.93774346876781,3.91886032661778,3.91628130491052
214,3.90544152259827,3.91459387501689,3.93750245661243,3.91846143483977,3.91587574917076
215,3.90518689155579,3.9141893989205,3.93726012107346,3.91806215254381,3.91547000792458
216,3.90500855445862,3.91378159407913,3.93701322463321,3.91765925617042,3.91506085451454
217,3.9048547744751,3.91337459539129,3.93676588693871,3.91725688263277,3.9146524237427
218,3.90451502799988,3.91296822854585,3.93651790981355,3.9168548579583,3.91424454140081
219,3.90417861938477,3.91255906199946,3.93626584910072,3.91644975708206,3.91383378102102
220,3.90411949157715,3.91215030705419,3.93601290178485,3.91604479295908,3.91342335349374
221,3.90369534492493,3.9117402935285,3.93575738556312,3.91563829765527,3.9130115885567
222,3.90356755256653,3.91132809724662,3.93549837066486,3.91522935313105,3.91259756532799
223,3.90342664718628,3.91091876269874,3.93524088071594,3.91482300332671,3.9121863271998
224,3.90315556526184,3.91050475263577,3.93497737452697,3.91441172011373,3.91177034379153
225,3.90293121337891,3.91009149057488,3.93471326779903,3.9140009298161,3.91135503869266
226,3.90269470214844,3.90967869451999,3.9344482625074,3.91359034939547,3.91094012736438
227,3.90251493453979,3.90926577253323,3.9341817511856,3.91317938947728,3.91052501983439
228,3.90237402915955,3.90884920652258,3.93391021713742,3.91276454153478,3.91010620459991
229,3.90201854705811,3.90843367860994,3.93363833660749,3.91235048911893,3.9096883621546
230,3.90180563926697,3.90801816439609,3.93336507300336,3.91193620829778,3.90927046699532
231,3.90173435211182,3.90760215251992,3.93308990451496,3.91152119211161,3.90885201126121
232,3.9014675617218,3.90718492275325,3.93281210680677,3.911104726257,3.90843227864152
233,3.90119361877441,3.90676505670837,3.93253026591277,3.91068539835093,3.90800985274375
234,3.90093207359314,3.90634873217351,3.93225054437864,3.9102693823925,3.90759090618428
235,3.90079474449158,3.90592993088094,3.93196691669914,3.90985066568046,3.90716942533725
236,3.90060615539551,3.90551162218192,3.93168234588558,3.90943222191982,3.90674838254891
237,3.90024089813232,3.9050928175503,3.93139583805138,3.90901306429367,3.90632678883202
238,3.90010094642639,3.90467267725542,3.93110655321888,3.90859235652873,3.90590380501512
239,3.89984631538391,3.90425297012992,3.93081625705907,3.90817187030476,3.90548120059179
240,3.89954733848572,3.90383210645948,3.93052335909463,3.90775002133247,3.90505738924996
241,3.89939618110657,3.90341243223807,3.93023019795903,3.90732915720135,3.9046347173608
242,3.89921355247498,3.90299242344809,3.9299352434534,3.90690775605129,3.90421166178538
243,3.8988823890686,3.90257014010246,3.92963656062171,3.90648388395972,3.90378628557478
244,3.89871716499329,3.90214899767913,3.92933756416004,3.90606095769133,3.90336200285078
245,3.89853644371033,3.90172653642065,3.92903579564589,3.90563652191124,3.90293635601384
246,3.89840769767761,3.90130564299404,3.92873413592469,3.90521346528325,3.90251223277044
247,3.89804363250732,3.9008834219029,3.92842968880466,3.90478889671587,3.90208674046475
248,3.89787244796753,3.90046164219929,3.92812422194405,3.90436458679294,3.90166164765584
249,3.89768290519714,3.90003981073865,3.92781724133094,3.90394004393291,3.90123646071564
250,3.89760994911194,3.89961597126149,3.92750679848702,3.90351331820129,3.90080922677911
251,3.89729356765747,3.89919487186343,3.92719763688097,3.90308915763723,3.90038469259944
252,3.89715266227722,3.89877109180683,3.92688434112068,3.90266214818681,3.89995744210003
253,3.89680671691895,3.89834811597415,3.92657039914277,3.9022357778389,3.89953096100881
254,3.89682149887085,3.89792479358906,3.92625466204618,3.90180889760711,3.89910409814089
255,3.89635992050171,3.89750254192326,3.92593854515126,3.90138292597445,3.89867827071101
256,3.89623641967773,3.89707778283202,3.92561847999733,3.90095429230149,3.89824990552492
257,3.89600777626038,3.89665401247849,3.92529796742186,3.90052649493605,3.89782249838785
258,3.89581060409546,3.89623141219055,3.92497718564098,3.90009971459131,3.89739622885006
259,3.89558291435242,3.89580822573087,3.92465437913623,3.89967219847128,3.89696934309114
260,3.89543604850769,3.895386712475,3.92433180469966,3.89924620661853,3.8965441003367
261,3.89526462554932,3.89496209453402,3.92400469683638,3.89881696773135,3.89611572619622
262,3.89492392539978,3.89453858810899,3.92367727941971,3.89838869957313,3.89568843536169
263,3.89475440979004,3.89411625673304,3.92334961638165,3.89796146654665,3.89526229097316
264,3.89461970329285,3.89369116539424,3.92301778497068,3.89753134266711,3.89483336489664
265,3.89440321922302,3.89326964056438,3.92268810908373,3.89710465288004,3.89440798111539
266,3.89408349990845,3.89284593479657,3.92235484692521,3.89667565297871,3.8939803936252
267,3.89401650428772,3.89242313358509,3.92202108897083,3.89624743006502,3.89355368755446
268,3.89374876022339,3.89200154262725,3.92168714137977,3.89582028972213,3.893128167324
269,3.89344453811646,3.89157889796719,3.92135074779483,3.89539197292804,3.89270157227044
270,3.89328646659851,3.89115554385752,3.9210122643159,3.8949628290103,3.89227424906834
271,3.8930881023407,3.89073414305553,3.92067435598551,3.89453551993901,3.89184885808611
272,3.89297866821289,3.89031172221231,3.92033405574391,3.89410707590279,3.89142242806732
273,3.8927161693573,3.88989149116553,3.91999457368481,3.8936807071323,3.89099816862364
274,3.89249014854431,3.88946956072131,3.91965203035172,3.89325252927202,3.89057219350169
275,3.89228248596191,3.88904646592316,3.91930697672575,3.89282308242507,3.89014503938625
276,3.89218163490295,3.88862580559128,3.91896301515408,3.89239596395476,3.88972030187188
277,3.89193987846375,3.88820455231068,3.91861712383679,3.89196815027594,3.88929495652637
278,3.8916323184967,3.88778417461681,3.9182707761578,3.89154111301891,3.88887047419037
279,3.89158010482788,3.88736450480087,3.91792380792621,3.89111468460263,3.88844668610039
280,3.89134526252747,3.88694401254957,3.91757469863808,3.89068733716288,3.88802206220115
281,3.8911280632019,3.88652289538123,3.91722365975119,3.89025927226656,3.88759680125726
282,3.89082384109497,3.88610367089686,3.91687321391272,3.88983300788518,3.88717341991192
283,3.89060306549072,3.88568552338949,3.91652254730932,3.88940772997935,3.88675110405003
284,3.89041352272034,3.88526478264598,3.91616800537183,3.88897977599777,3.88632618898472
285,3.89025712013245,3.88484637933699,3.91581452483766,3.88855407466311,3.88590360134568
286,3.89012336730957,3.88442933960528,3.91546113236452,3.88812964979716,3.88548236432967
287,3.88975214958191,3.88401074032378,3.91510491674817,3.88770358475437,3.88505956000617
288,3.88972425460815,3.88359333377676,3.91474863995084,3.88727863435881,3.88463794149369
289,3.88946342468262,3.88317581719795,3.9143910087629,3.88685349731178,3.88421620557574
290,3.88923311233521,3.88275788004758,3.9140317246896,3.88642786637578,3.88379404297187
291,3.88915848731995,3.88234207108056,3.9136733404339,3.88600429000738,3.8833740013821
292,3.88887238502502,3.88192688811701,3.91331435757831,3.88558126730784,3.88295457967535
293,3.88869690895081,3.88151049910432,3.91295295693588,3.88515697101499,3.88253394884509
294,3.88848042488098,3.88109453904768,3.91259078578551,3.88473303747593,3.88211374274752
295,3.88830137252808,3.88067968482398,3.91222852874585,3.88431014362591,3.88169463678205
296,3.88809180259705,3.88026392089699,3.91186418255046,3.88388627885343,3.88127461894251
297,3.88785457611084,3.87985189587887,3.91150239532857,3.88346608977377,3.88085833610625
298,3.88768768310547,3.87943714158586,3.91113671161919,3.88304311332997,3.88043932380494
299,3.88742613792419,3.87902428598633,3.91077176827639,3.88262197715045,3.88002220783381
300,3.88734793663025,3.8786108843863,3.91040513193774,3.88220023817838,3.87960454321759
301,3.88712000846863,3.87819805074996,3.91003792766972,3.88177901345423,3.87918744559017
302,3.88690876960754,3.87778636600716,3.90967074375274,3.88135888567134,3.87877149696037
303,3.88671064376831,3.87737493007186,3.90930268835439,3.88093895682759,3.87835579850566
304,3.88644552230835,3.87696294764625,3.90893297808432,3.88051843389896,3.87793955542549
305,3.88622140884399,3.87655442200249,3.90856561660572,3.88010131591929,3.87752676642965
306,3.88613176345825,3.87614389551309,3.90819515855217,3.8796821501421,3.87711197769516
307,3.88592839241028,3.87573394121186,3.9078241906606,3.87926351311669,3.87669776392218
308,3.88578748703003,3.8753255208979,3.9074536814871,3.87884636541661,3.87628508449755
309,3.88557291030884,3.87491800897517,3.90708301102065,3.87843008188535,3.87587331392072
310,3.88532519340515,3.87451000164818,3.9067107872781,3.87801326294859,3.87546105159199
311,3.88508534431458,3.87410235189966,3.90633787549468,3.87759676357702,3.87504915070915
312,3.88498711585999,3.87369543293609,3.90596465835452,3.87718095696462,3.87463798294741
313,3.88477325439453,3.87328991151339,3.90559180870443,3.8767665099947,3.87422821472239
314,3.88458633422852,3.87288458791007,3.90521813588555,3.87635222592106,3.87381864880352
315,3.88432121276855,3.87247876346902,3.90484295469964,3.87593740949367,3.87340858831821
316,3.88416290283203,3.87207450534304,3.90446834046262,3.87552412670971,3.87300009787859
317,3.88398385047913,3.87167026792682,3.9040927572622,3.87511083343865,3.87259163231891
318,3.88371539115906,3.87126702552998,3.9037171887295,3.87469850625271,3.87218416753751
319,3.8836145401001,3.87086309836065,3.90333996835612,3.87428546900714,3.8717760259737
320,3.88337540626526,3.87046128325137,3.90296389912687,3.87387451695949,3.87137000204911
321,3.88329720497131,3.87005965454157,3.90258706294746,3.87346372509105,3.87096417016527
322,3.88312435150146,3.86965861637632,3.90220987336697,3.87305349941309,3.87055893558737
323,3.88275575637817,3.86925825860205,3.90183242951424,3.87264393070727,3.87015438812453
324,3.88268280029297,3.86885821338567,3.90145437396898,3.87223465250331,3.86975016014217
325,3.88241147994995,3.8684583101409,3.90107554745337,3.8718254960067,3.86934608155607
326,3.88227581977844,3.86806146813568,3.90069887154415,3.87141937810087,3.86894506942057
327,3.88205242156982,3.86766222243425,3.90031889618473,3.87101083962705,3.86854166343541
328,3.88181519508362,3.86726466843729,3.89993972749749,3.87060397637518,3.86813995788972
329,3.88162136077881,3.86686854437121,3.89956110959543,3.87019852489285,3.86773968868111
330,3.88134932518005,3.86647060102259,3.89917980893734,3.86979124151288,3.86733761073316
331,3.88125896453857,3.86607585484838,3.89880084759434,3.86938714137147,3.86693873875107
332,3.88107466697693,3.86568021324245,3.89842014255693,3.8689821336576,3.86653898123761
333,3.88082265853882,3.86528688776868,3.89804091053541,3.86857942881658,3.86614154842619
334,3.88061213493347,3.8648922914176,3.89765957715756,3.86817544292704,3.86574285518746
335,3.88049411773682,3.86449892673614,3.8972786551618,3.86777267888508,3.8653454031306
336,3.88035750389099,3.86410764502976,3.89689900011258,3.86737198626354,3.86495004173583
337,3.88006472587585,3.86371473138338,3.89651691073951,3.86696965512647,3.86455306015699
338,3.87988114356995,3.86332466030202,3.89613686724561,3.86657015846691,3.86415893092895
339,3.8796238899231,3.8629340202355,3.89575546746755,3.86617008581138,3.8637642427851
340,3.87954044342041,3.86254381896476,3.89537373060761,3.8657704469509,3.86337000438956
341,3.87936305999756,3.86215426879431,3.89499187943248,3.86537145543129,3.86297642822827
342,3.87904667854309,3.86176507082746,3.89460962538968,3.86497281398596,3.86258321613895
343,3.8789234161377,3.86137722743344,3.89422797768098,3.86457552492899,3.86219137011971
344,3.8786895275116,3.86099126550009,3.8938474662815,3.86418011359316,3.86180141588595
345,3.87841653823853,3.86060425392673,3.89346517156154,3.86378365197559,3.8614104246431
346,3.87830281257629,3.86021743562185,3.8930823493704,3.86338738445609,3.86101963900693
347,3.87811398506165,3.85983302223855,3.8927012160203,3.86299351979588,3.86063126722296
348,3.87798118591309,3.85944928901935,3.89232005304707,3.86260033468326,3.86024358632402
349,3.87770915031433,3.8590640377494,3.89193667748687,3.86220563669698,3.85985440276379
350,3.87740564346313,3.85868222599579,3.89155605052961,3.86181437948936,3.85946866967778
351,3.87736749649048,3.85829878724457,3.8911731164532,3.8614214983545,3.85908132138642
352,3.8771493434906,3.85791823905039,3.89079239801992,3.86103150995802,3.85869687450844
353,3.87694501876831,3.85753615298428,3.89040947971031,3.86063999004009,3.8583109038873
354,3.87685465812683,3.85715525623569,3.89002709893997,3.86024966653884,3.85792613632501
355,3.87661480903625,3.85677601073146,3.88964572250284,3.85986099942116,3.85754303150848
356,3.87637305259705,3.85639697020181,3.8892639120946,3.85947254406766,3.85716014470287
357,3.87635564804077,3.85601778939332,3.88888133382736,3.8590839579249,3.85677713247257
358,3.87598967552185,3.85564080635714,3.88850033073678,3.85869757679971,3.85639633020554
359,3.87569856643677,3.85526314591244,3.88811803778806,3.85831052755203,3.85601486405656
360,3.87558126449585,3.85488548279539,3.88773514238356,3.85792348791818,3.85563341054505
361,3.87557864189148,3.85451011667308,3.88735373800412,3.85753854753388,3.85525406000319
362,4.00321674346924,3.99992696285661,4.03223561091274,4.00268384509927,4.00049226862574
363,4.00766563415527,4.00172137577336,4.03299071650719,4.00396215559963,4.00194670285233
364,4.01081466674805,4.00346412124749,4.03373102052931,4.00521503659754,4.00336943833419
365,4.01349782943726,4.00515665717043,4.03445693025253,4.00644307322913,4.00476120715102
366,4.01584386825562,4.00680040496791,4.03516880431034,4.00764678550103,4.00612267079233
367,4.01769876480103,4.00839677321698,4.0358669920718,4.00882668685967,4.00745448539749
368,4.01950693130493,4.00994715332573,4.03655183374405,4.00998328386028,4.00875730108028
369,4.02124881744385,4.0114529193121,4.03722366061277,4.01111707614811,4.010031761675
370,4.02257585525513,4.01291542533271,4.03788279540125,4.01222855673313,4.01127850488638
371,4.02394342422485,4.01433600347306,4.03852955194087,4.0133182105211,4.01249815997753
372,4.0254020690918,4.01571596193106,4.03916423560522,4.01438651478685,4.01369134820992
373,4.02658033370972,4.01705658362627,4.03978714366596,4.01543393946483,4.01485868302769
374,4.02774429321289,4.01835912484207,4.04039856536476,4.01646094673283,4.01600076925333
375,4.02883529663086,4.0196248139688,4.04099878206433,4.01746799080825,4.01711820259127
376,4.02973937988281,4.02085485074228,4.04158806741826,4.01845551780721,4.01821156922876
377,4.03063821792603,4.02205040531862,4.04216668759778,4.01942396577642,4.01928144570005
378,4.03162717819214,4.02321261746434,4.04273490150305,4.02037376470535,4.02032839873367
379,4.03245210647583,4.02434259635379,4.04329296092571,4.0213053364269,4.0213529849483
380,4.03328466415405,4.02544142052284,4.04384111070398,4.02221909451777,4.02235575055931
381,4.03414011001587,4.02651013757101,4.04437958890176,4.0231154442835,4.02333723121952
382,4.03495311737061,4.02754976395241,4.04490862699968,4.02399478279714,4.02429795194885
383,4.0357141494751,4.02856128509533,4.04542845007636,4.02485749893219,4.02523842706616
384,4.03634977340698,4.02954565569821,4.04593927697665,4.02570397338001,4.02615916010831
385,4.03701829910278,4.03050380006186,4.04644132047598,4.02653457867662,4.02706064377259
386,4.0376763343811,4.0314366124348,4.04693478744693,4.02734967925483,4.02794335990485
387,4.03839492797852,4.03234495742132,4.04741987902552,4.02814963151436,4.0288077795228
388,4.03898859024048,4.03322967048999,4.04789679077162,4.02893478389456,4.02965436285052
389,4.03955125808716,4.03409155855221,4.04836571282551,4.02970547695399,4.03048355937083
390,4.04024648666382,4.034931400656,4.04882683006067,4.03046204345696,4.03129580789455
391,4.04070472717285,4.03574994843246,4.04928032223402,4.03120480846949,4.03209153664996
392,4.04118013381958,4.03654792667557,4.04972636413315,4.03193408946286,4.03287116338913
393,4.0418701171875,4.03732603442759,4.05016512571992,4.03265019642249,4.03363509550757
394,4.04227685928345,4.03808494551786,4.05059677227045,4.03335343196119,4.03438373017495
395,4.04290199279785,4.03882530929026,4.05102146451143,4.03404409143656,4.03511745447667
396,4.04345226287842,4.03954775109238,4.05143935875331,4.03472246307258,4.03583664556544
397,4.04389476776123,4.0402528729771,4.05185060701999,4.03538882808478,4.03654167082166
398,4.04423332214355,4.04094125493037,4.05225535717517,4.0360434608079,4.03723288802106
399,4.04480648040771,4.04161345536163,4.0526537530482,4.03668662883384,4.03791064551988
400,4.04532098770142,4.04227001170289,4.0530459345503,4.03731859313382,4.03857528242012
401,4.0456600189209,4.04291144111057,4.05343203777822,4.03793960815532,4.03922712870018
402,4.04608583450317,4.04353824124072,4.05381219515681,4.03854992203904,4.03986650552232
403,4.04655599594116,4.04415089096606,4.05418653553368,4.03914977671035,4.04049372535919
404,4.04693269729614,4.04474985103768,4.05455518426638,4.03973940795808,4.04110909210398
405,4.04736518859863,4.04533556472624,4.05491826335851,4.04031904566073,4.04171290139565
406,4.04772806167603,4.04590845846203,4.0552758915485,4.04088891388644,4.04230544076236
407,4.04806613922119,4.04646894247383,4.05562818440445,4.04144923101852,4.04288698980269
408,4.04846382141113,4.04701741140842,4.05597525441729,4.04200020988259,4.04345782037045
409,4.04885530471802,4.04755424492522,4.05631721109516,4.04254205788493,4.04401819677611
410,4.04917335510254,4.04807980827013,4.05665416105386,4.04307497714549,4.04456837598125
411,4.04941606521606,4.04859445283388,4.05698620810612,4.04359916463435,4.04510860779823
412,4.05009746551514,4.04909851669524,4.0573134533418,4.0441148122879,4.04563913506117
413,4.05025196075439,4.04959232514662,4.05763599519746,4.0446221071008,4.04616019376235
414,4.05056142807007,4.05007619120115,4.05795392955868,4.04512123131543,4.04667201332872
415,4.05078029632568,4.05055041607997,4.05826734982709,4.0456123625167,4.04717481676264
416,4.05112028121948,4.05101528968316,4.05857634699159,4.04609567374337,4.04766882080639
417,4.05152893066406,4.05147109104634,4.05888100969885,4.0465713336016,4.04815423610967
418,4.05181932449341,4.05191808877744,4.05918142432523,4.04703950638671,4.04863126740909
419,4.05210542678833,4.05235654147804,4.05947767504514,4.04750035219888,4.04910011369855
420,4.05221843719482,4.05278669814841,4.05976984389617,4.04795402705333,4.0495609683917
421,4.05270338058472,4.0532087985907,4.06005801084167,4.04840068298682,4.0500140194789
422,4.05315017700195,4.05362307375477,4.06034225383171,4.048840468163,4.05045944968224
423,4.05317974090576,4.054029746086,4.06062264886266,4.04927352697679,4.05089743660913
424,4.05345249176025,4.05442902995069,4.06089927003488,4.0497000001566,4.05132815290223
425,4.05381679534912,4.05482113190069,4.06117218960839,4.05012002486336,4.05175176638487
426,4.05408716201782,4.05520625096345,4.06144147805655,4.05053373478702,4.05216844020237
427,4.05428457260132,4.05558457902729,4.06170720411829,4.05094126024088,4.05257833295999
428,4.05465888977051,4.05595630110352,4.06196943484853,4.0513427282538,4.05298159885765
429,4.05480051040649,4.05632159559417,4.06222823566717,4.05173826265998,4.05337838782083
430,4.05501556396484,4.05668063455349,4.0624836704065,4.05212798418708,4.05376884562875
431,4.05527544021606,4.05703358396102,4.06273580135706,4.0525120105413,4.05415311403802
432,4.05555534362793,4.05738060397517,4.06298468931196,4.05289045649053,4.05453133090327
433,4.05570793151855,4.05772184915319,4.06323039360991,4.05326343394543,4.0549036302943
434,4.05588960647583,4.05805746868254,4.06347297217689,4.05363105203831,4.05527014261015
435,4.05620718002319,4.05838760660515,4.0637124815664,4.05399341719992,4.0556309946897
436,4.05651473999023,4.05871240201541,4.06394897699852,4.05435063323404,4.05598630991895
437,4.05667924880981,4.05903198925415,4.06418251239776,4.05470280139043,4.05633620833559
438,4.05684328079224,4.05934649812002,4.06441314042962,4.05505002043533,4.05668080673008
439,4.05703115463257,4.05965605404121,4.06464091253606,4.05539238672026,4.0570202187438
440,4.05725622177124,4.0599607782457,4.06486587897032,4.05572999425011,4.05735455496602
441,4.05752372741699,4.06026078792812,4.06508808882954,4.05606293474662,4.05768392302426
442,4.05769538879395,4.06055619641226,4.06530759008497,4.05639129770576,4.05800842766588
443,4.05792474746704,4.06084711330496,4.06552442961737,4.0567151704708,4.05832817086099
444,4.05807685852051,4.06113364464191,4.06573865324543,4.05703463828698,4.05864325187975
445,4.05831146240234,4.06141589302686,4.06595030575453,4.05734978435786,4.05895376737179
446,4.05865669250488,4.06169395776597,4.06615943092486,4.05766068990118,4.05925981144466
447,4.05878448486328,4.06196793499631,4.06636607155938,4.05796743420464,4.0595614757419
448,4.0587158203125,4.06223791780896,4.06657026951098,4.05827009468061,4.0598588495194
449,4.05918502807617,4.06250399636659,4.0667720657078,4.05856874691611,4.06015201971522
450,4.05932331085205,4.06276625801916,4.06697150017604,4.05886346471724,4.06044107101133
451,4.05932569503784,4.06302478740449,4.06716861206816,4.05915432016838,4.06072608591554
452,4.05972146987915,4.06327966654902,4.06736343968477,4.05944138367497,4.06100714482071
453,4.05998992919922,4.06353097498589,4.06755602049684,4.05972472400813,4.06128432606624
454,4.06012201309204,4.06377878983345,4.06774639116764,4.06000440834842,4.06155770599845
455,4.06022310256958,4.06402318587912,4.06793458757442,4.06028050233017,4.06182735903116
456,4.06040811538696,4.06426423568512,4.06812064482934,4.06055307008366,4.06209335770359
457,4.06063413619995,4.06450200966451,4.06830459729953,4.06082217427578,4.06235577273571
458,4.06078624725342,4.06473657615782,4.06848647862646,4.06108787614915,4.06261467308158
459,4.06110858917236,4.06496800150836,4.06866632174478,4.06135023556031,4.06287012598116
460,4.06101894378662,4.06519635013719,4.06884415890071,4.061609311017,4.06312219701075
461,4.0614161491394,4.06542168461409,4.06902002167004,4.06186515971493,4.06337095013268
462,4.06146430969238,4.06564406572459,4.06919394097515,4.06211783757213,4.06361644774151
463,4.06179809570312,4.06586355253354,4.06936594710074,4.06236739926035,4.06385875070635
464,4.0617995262146,4.06608020244665,4.06953606971225,4.06261389824386,4.06409791842264
465,4.06213188171387,4.0662940712711,4.06970433787048,4.0628573868085,4.06433400885106
466,4.06214714050293,4.06650521326976,4.06987078004543,4.06309791608895,4.0645670785539
467,4.06237840652466,4.06671368121443,4.0700354241335,4.06333553610516,4.06479718274336
468,4.06251573562622,4.0669195264435,4.07019829747099,4.06357029578929,4.06502437531737
469,4.06279993057251,4.06712279890928,4.07035942684786,4.06380224301364,4.06524870889644
470,4.06280088424683,4.06732354722492,4.07051883852115,4.06403142461781,4.06547023485943
471,4.06307125091553,4.06752181871029,4.07067655822836,4.06425788643601,4.06568900337954
472,4.06324005126953,4.06771765943697,4.07083261120034,4.06448167332363,4.06590506345916
473,4.06356954574585,4.06791111427088,4.07098702217361,4.06470282918182,4.06611846296192
474,4.06350326538086,4.06810222691287,4.07113981540233,4.06492139698215,4.06632924864494
475,4.06372499465942,4.06829103993752,4.07129101467009,4.06513741879044,4.06653746618976
476,4.06396389007568,4.06847759483081,4.07144064330128,4.06535093578989,4.06674316023247
477,4.06416034698486,4.06866193202691,4.07158872417214,4.06556198830356,4.06694637439269
478,4.06425333023071,4.06884409094129,4.07173527972145,4.06577061581611,4.06714715130168
479,4.0644097328186,4.06902411000342,4.07188033196102,4.06597685699493,4.06734553262958
480,4.06463050842285,4.06920202669205,4.07202390248577,4.06618074971075,4.06754155911177
481,4.06474447250366,4.06937787756438,4.07216601248359,4.06638233105754,4.06773527057452
482,4.06493043899536,4.06955169828495,4.07230668274494,4.06658163737198,4.06792670595967
483,4.06496095657349,4.06972352365402,4.07244593367222,4.06677870425245,4.06811590334901
484,4.06532955169678,4.06989338763532,4.07258378528872,4.06697356657709,4.06830289998712
485,4.06540775299072,4.07006132338252,4.07272025724702,4.06716625852054,4.0684877323026
486,4.06563282012939,4.07022736326446,4.07285536883846,4.0673568135736,4.068670435933
487,4.06572437286377,4.07039153888933,4.07298913900098,4.06754526455877,4.06885104574436
488,4.06585550308228,4.07055388112812,4.07312158632659,4.06773164364495,4.06902959584972
489,4.06603288650513,4.07071442013723,4.0732527290703,4.06791598236595,4.06920611963232
490,4.06620836257935,4.0708731853802,4.07338258515732,4.06809831163488,4.06938064976373
491,4.0662899017334,4.07103020564909,4.07351117219049,4.06827866175894,4.06955321822214
492,4.06659603118896,4.0711855090836,4.07363850745744,4.06845706245373,4.06972385631035
493,4.06681489944458,4.07133912319007,4.0737646079377,4.06863354285766,4.06989259467355
494,4.06689405441284,4.07149107486295,4.07388949030969,4.06880813154593,4.07005946331675
495,4.067214012146,4.07164139040057,4.07401317095728,4.06898085654363,4.07022449162089
496,4.06725740432739,4.07179009552157,4.07413566597632,4.06915174533877,4.07038770835899
497,4.06738328933716,4.07193721538426,4.07425699118097,4.06932082489498,4.07054914171167
498,4.06755924224854,4.07208277460184,4.0743771621099,4.06948812166377,4.07070881928235
499,4.0676965713501,4.07222679725749,4.07449619403224,4.06965366159655,4.07086676811182
500,4.0679292678833,4.07236930691942,4.07461410195346,4.06981747015619,4.07102301469247
501,4.06812953948975,4.07251032665548,4.07473090062109,4.06997957232836,4.07117758498206
502,4.0681300163269,4.07264987904743,4.07484660453019,4.07013999263256,4.07133050441713
503,4.06838035583496,4.07278798620434,4.07496122792882,4.07029875513282,4.07148179792596
504,4.06849193572998,4.07292466977564,4.07507478482329,4.07045588344805,4.0716314899412
505,4.06868410110474,4.07305995096362,4.07518728898332,4.07061140076243,4.07177960441225
506,4.06889247894287,4.07319385053589,4.07529875394699,4.07076532983502,4.07192616481698
507,4.06906700134277,4.07332638883676,4.07540919302543,4.07091769300898,4.07207119417272
508,4.06925821304321,4.07345758579843,4.07551861930801,4.07106851222199,4.07221471504878
509,4.06933498382568,4.07358746095284,4.07562704566676,4.07121780901475,4.07235674957668
510,4.06945323944092,4.07371603344185,4.07573448476052,4.07136560453917,4.07249731945979
511,4.06954860687256,4.07384332202739,4.07584094903991,4.07151191956817,4.07263644598512
512,4.06977033615112,4.07396934510136,4.07594645075138,4.07165677450364,4.07277415003276
513,4.07005834579468,4.07409412069536,4.07605100194142,4.07180018938454,4.07291045208541
514,4.07003355026245,4.07421766649004,4.0761546144605,4.07194218389475,4.07304537223776
515,4.07023477554321,4.07433999982401,4.07625729996722,4.07208277737097,4.07317893020575
516,4.07044076919556,4.07446113770263,4.07635906993213,4.07222198881037,4.0733111453356
517,4.07051372528076,4.07458109680634,4.07645993564152,4.07235983687784,4.07344203661234
518,4.07080411911011,4.074699893499,4.07655990820116,4.07249633991319,4.07357162266826
519,4.07091236114502,4.07481754383555,4.07665899853981,4.07263151593815,4.07369992179105
520,4.07104969024658,4.07493406356955,4.07675721741282,4.07276538266319,4.07382695193185
521,4.07123231887817,4.07504946816116,4.07685457540558,4.07289795749418,4.0739527307129
522,4.07131052017212,4.07516377278405,4.0769510829368,4.07302925753882,4.07407727543516
523,4.07147598266602,4.07527699233228,4.07704675026183,4.07315929961299,4.07420060308553
524,4.07151508331299,4.07538914142704,4.07714158747587,4.0732881002469,4.07432273034405
525,4.07177209854126,4.07550023442328,4.07723560451705,4.07341567569105,4.0744436735908
526,4.07199478149414,4.07561028541607,4.07732881116951,4.07354204192211,4.07456344891265
527,4.07208442687988,4.07571930824676,4.07742121706634,4.07366721464861,4.07468207210984
528,4.07224321365356,4.07582731650894,4.07751283169254,4.07379120931653,4.07479955870232
529,4.07238960266113,4.07593432355425,4.07760366438782,4.0739140411147,4.07491592393601
530,4.07261085510254,4.07604034249798,4.07769372434936,4.07403572498004,4.07503118278885
531,4.07266855239868,4.07614538622459,4.07778302063457,4.07415627560283,4.07514534997669
532,4.07286739349365,4.07624946739306,4.07787156216369,4.07427570743167,4.07525843995901
533,4.07292127609253,4.07635259844187,4.0779593577224,4.0743940346784,4.07537046694451
534,4.07311582565308,4.07645479159394,4.07804641596436,4.0745112713229,4.07548144489658
535,4.07320547103882,4.07655605886197,4.07813274541363,4.07462743111779,4.07559138753859
536,4.07344388961792,4.07665641205275,4.07821835446715,4.07474252759297,4.07570030835902
537,4.07358455657959,4.07675586277164,4.07830325139703,4.07485657406006,4.07580822061651
538,4.07362365722656,4.0768544224274,4.07838744435294,4.07496958361681,4.07591513734479
539,4.07382106781006,4.07695210223644,4.0784709413643,4.0750815691513,4.07602107135744
540,4.07399559020996,4.0770489132269,4.07855375034252,4.07519254334612,4.07612603525255
541,4.0741400718689,4.07714486624277,4.07863587908307,4.0753025186822,4.07623004141704
542,4.07429552078247,4.07723997194789,4.07871733526772,4.07541150744314,4.07633310203146
543,4.07440423965454,4.07733424082986,4.07879812646659,4.07551952171886,4.07643522907414
544,4.07440519332886,4.07742768320384,4.07887826014005,4.0756265734094,4.07653643432531
545,4.07458829879761,4.07752030921614,4.0789577436408,4.07573267422856,4.07663672937127
546,4.07468938827515,4.07761212884785,4.07903658421575,4.07583783570751,4.07673612560832
547,4.0749716758728,4.07770315191831,4.07911478900793,4.07594206919834,4.07683463424674
548,4.07513189315796,4.07779338808849,4.07919236505835,4.07604538587748,4.07693226631456
549,4.07504558563232,4.07788284686416,4.07926931930776,4.0761477967491,4.07702903266127
550,4.07529973983765,4.07797153759935,4.07934565859852,4.07624931264827,4.07712494396141
551,4.07544374465942,4.07805946949934,4.07942138967613,4.07634994424417,4.07722001071799
552,4.07544040679932,4.07814665162369,4.07949651919117,4.07644970204335,4.07731424326615
553,4.07563066482544,4.07823309288923,4.07957105370082,4.07654859639276,4.07740765177648
554,4.07580804824829,4.07831880207293,4.07964499967052,4.07664663748266,4.07750024625816
555,4.07592010498047,4.07840378781475,4.07971836347554,4.0767438353496,4.07759203656226
556,4.07602167129517,4.07848805862039,4.07979115140255,4.07684019987921,4.07768303238478
557,4.07607126235962,4.07857162286392,4.07986336965116,4.07693574080912,4.07777324326984
558,4.07628345489502,4.07865448879044,4.07993502433539,4.07703046773159,4.07786267861252
559,4.07638931274414,4.07873666451862,4.08000612148509,4.07712439009611,4.07795134766171
560,4.07643365859985,4.07881815804316,4.08007666704748,4.07721751721223,4.07803925952317
561,4.07653713226318,4.07889897723713,4.08014666688848,4.077309858252,4.07812642316217
562,4.07683706283569,4.07897912985452,4.08021612679411,4.07740142225245,4.0782128474062
563,4.07683181762695,4.07905862353243,4.08028505247179,4.07749221811805,4.0782985409476
564,4.07699108123779,4.07913746579336,4.08035344955173,4.07758225462313,4.07838351234614
565,4.07700061798096,4.07921566404731,4.08042132358814,4.07767154041416,4.07846777003158
566,4.07716751098633,4.07929322559404,4.08048868006058,4.07776008401213,4.07855132230611
567,4.07725954055786,4.07937015762509,4.08055552437514,4.07784789381472,4.07863417734678
568,4.07735157012939,4.07944646722586,4.08062186186568,4.07793497809853,4.07871634320779
569,4.07740211486816,4.07952216137756,4.08068769779501,4.0780213450212,4.07879782782287
570,4.07752895355225,4.07959724695922,4.08075303735607,4.07810700262355,4.07887863900748
571,4.07770442962646,4.07967173074951,4.08081788567307,4.07819195883161,4.07895878446103
572,4.0778226852417,4.07974561942869,4.08088224780263,4.07827622145863,4.079038271769
573,4.07799577713013,4.07981891958037,4.0809461287348,4.07835979820703,4.07911710840502
574,4.07798433303833,4.07989163769326,4.08100953339426,4.07844269667039,4.07919530173298
575,4.07815217971802,4.07996378016291,4.08107246664128,4.07852492433532,4.07927285900906
576,4.07818555831909,4.08003535329348,4.08113493327283,4.07860648858331,4.07934978738361
577,4.07820892333984,4.08010636329936,4.08119693802353,4.0786873966925,4.07942609390311
578,4.07838201522827,4.08017681630664,4.08125848556669,4.0787676558395,4.07950178551204
579,4.07842874526978,4.08024671835495,4.08131958051526,4.07884727310112,4.07957686905473
580,4.07857465744019,4.08031607539882,4.08138022742282,4.07892625545608,4.07965135127713
581,4.07868528366089,4.08038489330926,4.08144043078452,4.07900460978667,4.07972523882863
582,4.0788426399231,4.08045317787523,4.08150019503794,4.07908234288036,4.0797985382637
583,4.0788779258728,4.08052093480505,4.08155952456407,4.0791594614314,4.07987125604359
584,4.07893180847168,4.08058816972785,4.08161842368817,4.07923597204246,4.07994339853801
585,4.07903623580933,4.080654888195,4.08167689668066,4.07931188122612,4.08001497202674
586,4.07908487319946,4.08072109568134,4.08173494775792,4.07938719540636,4.08008598270122
587,4.07921028137207,4.08078679758662,4.08179258108321,4.07946192092006,4.08015643666603
588,4.07931804656982,4.08085199923674,4.08184980076741,4.07953606401841,4.08022633994044
589,4.07936382293701,4.08091670588505,4.0819066108699,4.07960963086842,4.08029569845991
590,4.07944583892822,4.08098092271354,4.08196301539931,4.07968262755418,4.08036451807753
591,4.0796594619751,4.08104465483411,4.08201901831428,4.07975506007833,4.08043280456535
592,4.07962560653687,4.08110790728974,4.0820746235243,4.07982693436331,4.08050056361592
593,4.07968902587891,4.08117068505566,4.08212983489039,4.07989825625278,4.08056780084357
594,4.07973623275757,4.08123299304045,4.08218465622587,4.07996903151281,4.08063452178574
595,4.07988882064819,4.08129483608723,4.08223909129708,4.08003926583317,4.0807007319043
596,4.07996129989624,4.0813562189747,4.08229314382406,4.08010896482857,4.08076643658679
597,4.0799126625061,4.08141714641823,4.08234681748129,4.08017813403985,4.08083164114774
598,4.08014965057373,4.08147762307091,4.08240011589834,4.08024677893519,4.08089635082985
599,4.0802116394043,4.08153765352457,4.08245304266058,4.08031490491128,4.08096057080519
600,4.08012294769287,4.08159724231078,4.08250560130979,4.08038251729444,4.08102430617641
601,4.08025741577148,4.08165639390187,4.08255779534485,4.08044962134173,4.08108756197785
602,4.08038425445557,4.08171511271187,4.08260962822236,4.0805162222421,4.08115034317672
603,4.08054685592651,4.08177340309747,4.08266110335727,4.08058232511745,4.08121265467418
604,4.08038282394409,4.08183126935892,4.08271222412349,4.08064793502364,4.08127450130641
605,4.08059930801392,4.08188871574099,4.08276299385448,4.08071305695156,4.08133588784569
606,4.08060169219971,4.08194574643382,4.08281341584387,4.0807776958282,4.08139681900145
607,4.0806565284729,4.08200236557381,4.08286349334605,4.08084185651756,4.08145729942131
608,4.08074855804443,4.0820585772445,4.08291322957668,4.0809055438217,4.08151733369207
609,4.08071660995483,4.08211438547737,4.08296262771333,4.08096876248169,4.08157692634065
610,4.08093023300171,4.08216979425267,4.08301169089599,4.08103151717849,4.08163608183511
611,4.08092594146729,4.08222480750028,4.0830604222276,4.08109381253399,4.08169480458557
612,4.08102703094482,4.08227942910044,4.08310882477463,4.08115565311184,4.08175309894517
613,4.08093309402466,4.08233366288455,4.08315690156757,4.08121704341834,4.0818109692109
614,4.08115005493164,4.08238751263595,4.08320465560142,4.08127798790336,4.08186841962458
615,4.08121728897095,4.08244098209066,4.08325208983628,4.08133849096118,4.08192545437368
616,4.08139610290527,4.08249407493809,4.08329920719779,4.08139855693137,4.08198207759225
617,4.08148050308228,4.08254679482178,4.08334601057759,4.08145819009956,4.08203829336164
618,4.08131122589111,4.08259914534012,4.08339250283387,4.08151739469828,4.08209410571143
619,4.0814380645752,4.08265113004703,4.0834386867918,4.08157617490777,4.08214951862019
620,4.08160209655762,4.08270275245262,4.08348456524401,4.08163453485679,4.08220453601632
621,4.08146905899048,4.08275401602389,4.08353014095105,4.08169247862333,4.08225916177877
622,4.08166646957397,4.08280492418538,4.08357541664181,4.08175001023542,4.08231339973786
623,4.08175182342529,4.08285548031979,4.08362039501401,4.08180713367186,4.08236725367597
624,4.08168745040894,4.08290568776864,4.0836650787346,4.08186385286295,4.08242072732836
625,4.08180236816406,4.08295554983288,4.08370947044018,4.08192017169119,4.08247382438382
626,4.08191347122192,4.08300506977349,4.08375357273747,4.08197609399205,4.08252654848543
627,4.08187675476074,4.08305425081206,4.08379738820368,4.08203162355457,4.0825789032312
628,4.08184480667114,4.08310309613144,4.08384091938688,4.08208676412212,4.08263089217484
629,4.08202362060547,4.08315160887626,4.08388416880653,4.08214151939302,4.08268251882634
630,4.0819787979126,4.0831997921535,4.08392713895373,4.08219589302125,4.08273378665269
631,4.08202743530273,4.08324764903307,4.08396983229168,4.08224988861704,4.08278469907852
632,4.08221483230591,4.08329518254834,4.08401225125605,4.08230350974753,4.08283525948671
633,4.08211088180542,4.0833423956967,4.08405439825536,4.08235675993741,4.08288547121904
634,4.08224296569824,4.08338929144002,4.08409627567134,4.08240964266953,4.0829353375768
635,4.08230543136597,4.08343587270524,4.08413788585929,4.08246216138547,4.08298486182139
636,4.08227348327637,4.08348214238485,4.08417923114843,4.08251431948615,4.08303404717489
637,4.08240556716919,4.08352810333739,4.08422031384226,4.08256612033243,4.08308289682067
638,4.08242797851562,4.08357375838793,4.08426113621893,4.08261756724569,4.08313141390397
639,4.08232259750366,4.08361911032857,4.08430170053154,4.08266866350834,4.08317960153241
640,4.08241605758667,4.08366416191889,4.08434200900848,4.08271941236442,4.0832274627766
641,4.08257818222046,4.08370891588646,4.08438206385379,4.08276981702015,4.08327500067063
642,4.08263301849365,4.08375337492722,4.08442186724744,4.08281988064442,4.08332221821265
643,4.08254861831665,4.08379754170601,4.08446142134568,4.08286960636937,4.08336911836537
644,4.08267402648926,4.08384141885697,4.08450072828137,4.08291899729085,4.08341570405654
645,4.08267307281494,4.08388500898398,4.08453979016422,4.08296805646899,4.08346197817953
646,4.08278369903564,4.08392831466109,4.08457860908117,4.08301678692864,4.08350794359374
647,4.08274078369141,4.08397133843294,4.08461718709664,4.08306519165991,4.08355360312516
648,4.08281993865967,4.08401408281515,4.08465552625285,4.08311327361865,4.0835989595668
649,4.08283758163452,4.08405655029476,4.08469362857011,4.08316103572688,4.08364401567921
650,4.08287668228149,4.08409874333062,4.08473149604707,4.0832084808733,4.08368877419086
651,4.08291578292847,4.08414066435376,4.08476913066105,4.08325561191374,4.08373323779869
652,4.08288192749023,4.0841823157678,4.08480653436829,4.08330243167162,4.08377740916851
653,4.08304500579834,4.08422369994932,4.08484370910422,4.08334894293838,4.08382129093541
654,4.08313131332397,4.08426481924822,4.08488065678375,4.08339514847393,4.08386488570427
655,4.08307361602783,4.08430567598811,4.08491737930151,4.08344105100707,4.08390819605009
656,4.08320140838623,4.08434627246664,4.0849538785321,4.08348665323593,4.08395122451852
657,4.08315706253052,4.0843866109559,4.08499015633041,4.08353195782837,4.08399397362615
658,4.08322954177856,4.08442669370272,4.08502621453179,4.08357696742241,4.08403644586101
659,4.08313035964966,4.08446652292903,4.08506205495235,4.08362168462661,4.08407864368288
660,4.08324337005615,4.08450610083222,4.08509767938919,4.08366611202047,4.0841205695238
661,4.08330774307251,4.08454542958545,4.08513308962064,4.08371025215488,4.08416222578832
662,4.08334493637085,4.08458451133797,4.08516828740652,4.08375410755239,4.08420361485398
663,4.08338785171509,4.08462334821546,4.08520327448832,4.08379768070771,4.08424473907163
664,4.08341217041016,4.08466194232031,4.08523805258947,4.083840974088,4.08428560076581
665,4.08341884613037,4.084700295732,4.08527262341559,4.08388399013326,4.08432620223509
666,4.08344221115112,4.08473841050734,4.08530698865465,4.08392673125671,4.08436654575248
667,4.08345794677734,4.08477628868078,4.08534114997725,4.08396919984514,4.08440663356569
668,4.08355093002319,4.08481393226476,4.0853751090368,4.08401139825921,4.08444646789756
669,4.08350658416748,4.08485134324992,4.08540886746973,4.0840533288339,4.08448605094634
670,4.08369016647339,4.08488852360546,4.08544242689575,4.08409499387872,4.08452538488604
671,4.08355188369751,4.08492547527938,4.08547578891799,4.08413639567814,4.08456447186676
672,4.08361530303955,4.08496220019877,4.08550895512325,4.08417753649189,4.084603314015
673,4.08356237411499,4.08499870027007,4.08554192708221,4.08421841855526,4.08464191343398
674,4.08379793167114,4.08503497737939,4.08557470634957,4.08425904407947,4.08468027220396
675,4.08364772796631,4.0850710333927,4.08560729446431,4.08429941525191,4.08471839238253
676,4.08359622955322,4.08510687015614,4.08563969294986,4.08433953423653,4.08475627600491
677,4.08385801315308,4.08514248949629,4.08567190331425,4.08437940317409,4.08479392508428
678,4.08392238616943,4.08517789322035,4.08570392705037,4.08441902418247,4.08483134161202
679,4.08387804031372,4.08521308311648,4.08573576563612,4.08445839935697,4.08486852755803
680,4.083909034729,4.08524806095398,4.08576742053457,4.08449753077061,4.08490548487101
681,4.08406496047974,4.08528282848359,4.08579889319416,4.08453642047439,4.08494221547872
682,4.08394241333008,4.08531738743763,4.08583018504889,4.08457507049761,4.08497872128828
683,4.08395719528198,4.08535173953036,4.08586129751847,4.0846134828481,4.08501500418641
684,4.08401536941528,4.0853858864581,4.08589223200851,4.08465165951253,4.08505106603972
685,4.08398151397705,4.08541982989955,4.08592298991068,4.08468960245667,4.08508690869496
686,4.08407592773438,4.08545357151591,4.08595357260288,4.08472731362564,4.08512253397927
687,4.08406019210815,4.08548711295123,4.08598398144938,4.0847647949442,4.08515794370046
688,4.08410978317261,4.08552045583249,4.08601421780105,4.08480204831697,4.08519313964722
689,4.08425140380859,4.08555360176991,4.08604428299543,4.08483907562872,4.08522812358939
690,4.08414745330811,4.08558655235714,4.08607417835697,4.08487587874461,4.0852628972782
691,4.0842809677124,4.08561930917144,4.08610390519712,4.0849124595104,4.08529746244651
692,4.08422565460205,4.0856518737739,4.08613346481453,4.08494881975275,4.08533182080903
693,4.08414554595947,4.08568424770964,4.08616285849518,4.0849849612794,4.08536597406256
694,4.08427619934082,4.08571643250803,4.08619208751253,4.08502088587949,4.08539992388623
695,4.08419752120972,4.08574842968286,4.08622115312767,4.08505659532367,4.08543367194169
696,4.08429670333862,4.08578024073254,4.08625005658946,4.08509209136444,4.08546721987337
697,4.08432912826538,4.08581186714026,4.08627879913467,4.08512737573632,4.08550056930867
698,4.08432817459106,4.08584331037426,4.08630738198816,4.08516245015608,4.08553372185818
699,4.08434104919434,4.08587457188792,4.08633580636295,4.08519731632295,4.08556667911591
700,4.08440351486206,4.08590565311998,4.08636407346043,4.08523197591889,4.08559944265945
701,4.08446264266968,4.08593655549474,4.08639218447042,4.08526643060869,4.08563201405024
702,4.08444023132324,4.08596728042221,4.08642014057139,4.08530068204031,4.08566439483372
703,4.0843653678894,4.08599782929829,4.08644794293049,4.08533473184499,4.08569658653953
704,4.08444881439209,4.08602820350494,4.08647559270378,4.0853685816375,4.08572859068175
705,4.08454990386963,4.08605840441034,4.08650309103629,4.08540223301632,4.08576040875904
706,4.08458709716797,4.08608843336908,4.08653043906219,4.08543568756386,4.08579204225488
707,4.08444356918335,4.08611829172232,4.08655763790487,4.08546894684662,4.0858234926377
708,4.08455657958984,4.08614798079793,4.0865846886771,4.08550201241542,4.08585476136111
709,4.08462190628052,4.08617750191063,4.08661159248113,4.08553488580556,4.08588584986408
710,4.08462810516357,4.08620685636224,4.08663835040883,4.08556756853701,4.08591675957108
711,4.08462524414062,4.08623604544173,4.08666496354179,4.08560006211463,4.0859474918923
712,4.08468198776245,4.08626507042542,4.08669143295144,4.08563236802829,4.0859780482238
713,4.0847864151001,4.08629393257715,4.08671775969916,4.0856644877531,4.08600842994768
714,4.08459663391113,4.08632263314837,4.08674394483641,4.08569642274957,4.08603863843228
715,4.08471250534058,4.08635117337835,4.08676998940486,4.08572817446376,4.0860686750323
716,4.0846905708313,4.08637955449429,4.08679589443641,4.0857597443275,4.08609854108899
717,4.08474540710449,4.08640777771144,4.08682166095341,4.08579113375851,4.08612823793032
718,4.08476877212524,4.0864358442333,4.08684728996871,4.08582234416061,4.08615776687113
719,4.08482456207275,4.08646375525172,4.08687278248577,4.08585337692383,4.08618712921327
720,4.08482789993286,4.08649151194703,4.08689813949877,4.08588423342462,4.08621632624579
721,4.08481407165527,4.08651911548818,4.08692336199272,4.08591491502602,4.08624535924505
722,4.084801197052,4.0865465670329,4.08694845094355,4.08594542307776,4.08627422947492
723,4.08486080169678,4.0865738677278,4.08697340731823,4.08597575891645,4.08630293818688
724,4.08486175537109,4.08660101870851,4.08699823207483,4.08600592386574,4.08633148662021
725,4.08485651016235,4.0866280210998,4.08702292616265,4.08603591923644,4.08635987600211
726,4.08481597900391,4.08665487601572,4.08704749052234,4.08606574632674,4.08638810754783
727,4.08491849899292,4.08668158455971,4.08707192608594,4.08609540642226,4.08641618246084
728,4.08499574661255,4.08670814782471,4.087096233777,4.08612490079625,4.08644410193296
729,4.08491992950439,4.08673456689335,4.08712041451068,4.08615423070974,4.08647186714448
730,4.08496427536011,4.08676084283795,4.08714446919383,4.08618339741166,4.08649947926431
731,4.08502197265625,4.08678697672075,4.0871683987251,4.08621240213899,4.08652693945011
732,4.08503150939941,4.08681296959395,4.087192203995,4.08624124611688,4.08655424884843
733,4.08501720428467,4.08683882249988,4.087215885886,4.08626993055882,4.0865814085948
734,4.08506774902344,4.08686453647107,4.08723944527264,4.08629845666674,4.08660841981393
735,4.08507823944092,4.08689011253037,4.0872628830216,4.08632682563115,4.08663528361976
736,4.08507919311523,4.08691555169108,4.08728619999175,4.08635503863128,4.08666200111562
737,4.08508110046387,4.08694085495703,4.0873093970343,4.08638309683521,4.08668857339436
738,4.08516359329224,4.08696602332272,4.08733247499283,4.08641100139998,4.08671500153846
739,4.08511734008789,4.08699105777338,4.08735543470341,4.08643875347172,4.08674128662013
740,4.08514785766602,4.08701595928512,4.08737827699463,4.0864663541858,4.08676742970145
741,4.08524703979492,4.087040728825,4.08740100268775,4.08649380466689,4.08679343183452
742,4.08525466918945,4.08706536735115,4.08742361259671,4.08652110602917,4.08681929406147
743,4.08531045913696,4.08708987581287,4.08744610752826,4.08654825937637,4.08684501741469
744,4.08517408370972,4.08711425515069,4.08746848828199,4.08657526580191,4.08687060291687
745,4.08524417877197,4.08713850629654,4.08749075565047,4.08660212638903,4.08689605158113
746,4.08530616760254,4.08716263017376,4.08751291041925,4.08662884221089,4.08692136441112
747,4.08529472351074,4.08718662769728,4.087534953367,4.08665541433071,4.08694654240116
748,4.085289478302,4.08721049977365,4.08755688526552,4.08668184380181,4.08697158653627
749,4.08529186248779,4.08723424730115,4.08757870687986,4.08670813166782,4.08699649779239
750,4.08534574508667,4.0872578711699,4.08760041896839,4.08673427896269,4.08702127713636
751,4.08527898788452,4.08728137226191,4.08762202228285,4.08676028671088,4.08704592552609
752,4.08541011810303,4.08730475145123,4.08764351756842,4.08678615592741,4.08707044391068
753,4.08535480499268,4.08732800960398,4.08766490556379,4.08681188761796,4.08709483323044
754,4.08537721633911,4.08735114757844,4.08768618700126,4.08683748277905,4.08711909441705
755,4.08540868759155,4.08737416622518,4.08770736260675,4.08686294239803,4.08714322839366
756,4.08529663085938,4.08739706638711,4.08772843309992,4.08688826745326,4.08716723607493
757,4.08538866043091,4.08741984889956,4.08774939919419,4.08691345891417,4.08719111836717
758,4.08547210693359,4.08744251459038,4.08777026159684,4.08693851774141,4.08721487616843
759,4.08537483215332,4.08746506428002,4.08779102100907,4.08696344488684,4.08723851036856
760,4.08551025390625,4.08748749878157,4.08781167812603,4.08698824129377,4.08726202184936
761,4.08556175231934,4.08750981890092,4.08783223363692,4.08701290789691,4.08728541148456
762,4.08548355102539,4.08753202543674,4.08785268822504,4.08703744562257,4.08730868014004
763,4.08542585372925,4.08755411918064,4.08787304256783,4.08706185538869,4.08733182867384
764,4.08553886413574,4.08757610091721,4.08789329733698,4.08708613810496,4.08735485793624
765,4.08552074432373,4.08759797142407,4.08791345319843,4.0871102946729,4.08737776876986
766,4.08564853668213,4.087619731472,4.08793351081245,4.08713432598592,4.08740056200978
767,4.08557367324829,4.08764138182497,4.08795347083374,4.08715823292949,4.08742323848356
768,4.08564567565918,4.08766292324025,4.08797333391142,4.08718201638111,4.08744579901135
769,4.08561897277832,4.08768435646841,4.08799310068911,4.0872056772105,4.08746824440598
770,4.08559894561768,4.08770568225347,4.08801277180504,4.08722921627962,4.08749057547302
771,4.08566474914551,4.08772690133296,4.08803234789201,4.08725263444276,4.08751279301087
772,4.0855770111084,4.08774801443792,4.08805182957752,4.08727593254664,4.08753489781083
773,4.08567523956299,4.08776902229304,4.08807121748378,4.08729911143051,4.0875568906572
774,4.08575344085693,4.0877899256167,4.08809051222779,4.08732217192615,4.0875787723273
775,4.0855917930603,4.08781072512103,4.0881097144214,4.08734511485806,4.0876005435916
776,4.08562088012695,4.087831421512,4.0881288246713,4.08736794104342,4.08762220521378
777,4.0857629776001,4.08785201548943,4.08814784357917,4.08739065129228,4.08764375795076
778,4.08562421798706,4.08787250774714,4.08816677174164,4.08741324640754,4.08766520255285
779,4.0856761932373,4.08789289897293,4.08818560975038,4.08743572718508,4.08768653976375
780,4.08569383621216,4.08791318984869,4.08820435819217,4.08745809441383,4.08770777032064
781,4.08579015731812,4.08793338105045,4.0882230176489,4.08748034887582,4.08772889495428
782,4.08570337295532,4.08795347324842,4.08824158869766,4.08750249134626,4.08774991438902
783,4.08587551116943,4.0879734671071,4.08826007191078,4.08752452259363,4.08777082934294
784,4.085777759552,4.08799336328528,4.08827846785584,4.08754644337973,4.08779164052784
785,4.08580684661865,4.08801316243613,4.08829677709577,4.08756825445975,4.08781234864936
786,4.08585357666016,4.08803286520727,4.08831500018888,4.08758995658236,4.08783295440702
787,4.08581018447876,4.0880524722408,4.08833313768887,4.08761155048975,4.08785345849429
788,4.08578300476074,4.08807198417337,4.08835119014493,4.08763303691769,4.08787386159866
789,4.0857892036438,4.08809140163624,4.08836915810174,4.08765441659566,4.08789416440169
790,4.08583164215088,4.08811072525531,4.08838704209954,4.08767569024683,4.08791436757908
791,4.08582592010498,4.08812995565121,4.08840484267418,4.08769685858818,4.08793447180072
792,4.08601808547974,4.08814909343933,4.08842256035712,4.08771792233056,4.08795447773075
793,4.08578157424927,4.08816813922988,4.08844019567553,4.08773888217872,4.08797438602767
794,4.08588218688965,4.08818709362796,4.08845774915229,4.0877597388314,4.0879941973443
795,4.08594036102295,4.08820595723356,4.08847522130605,4.08778049298141,4.08801391232793
796,4.08586931228638,4.08822473064167,4.08849261265125,4.08780114531563,4.08803353162033
797,4.08602237701416,4.08824341444231,4.08850992369821,4.08782169651512,4.08805305585781
798,4.08602142333984,4.08826200922056,4.08852715495311,4.08784214725518,4.0880724856713
799,4.08593082427979,4.08828051555662,4.08854430691808,4.08786249820537,4.08809182168637
800,4.08601331710815,4.0882989340259,4.0885613800912,4.08788275002961,4.08811106452332
801,4.0859432220459,4.088317265199,4.08857837496656,4.08790290338623,4.0881302147972
802,4.08593368530273,4.0883355096418,4.08859529203429,4.08792295892798,4.08814927311789
803,4.08601808547974,4.08835366791551,4.08861213178063,4.08794291730214,4.08816824009015
804,4.08607959747314,4.08837174057668,4.0886288946879,4.08796277915057,4.08818711631364
805,4.08603715896606,4.08838972817729,4.08864558123461,4.08798254510975,4.08820590238302
806,4.08591890335083,4.08840763126478,4.08866219189545,4.08800221581081,4.08822459888796
807,4.08603191375732,4.08842545038207,4.08867872714134,4.08802179187963,4.08824320641321
808,4.08607721328735,4.08844318606765,4.08869518743947,4.08804127393688,4.08826172553866
809,4.08613443374634,4.08846083885559,4.08871157325333,4.08806066259805,4.08828015683937
810,4.08605241775513,4.08847840927558,4.08872788504276,4.08807995847351,4.08829850088559
811,4.08602380752563,4.088495897853,4.08874412326394,4.08809916216859,4.0883167582429
812,4.08618831634521,4.08851330510896,4.08876028836951,4.08811827428358,4.08833492947214
813,4.08611679077148,4.0885306315603,4.08877638080849,4.08813729541383,4.08835301512957
814,4.08605623245239,4.0885478777197,4.08879240102642,4.08815622614975,4.0883710157668
815,4.08613586425781,4.08856504409565,4.08880834946533,4.08817506707691,4.08838893193096
816,4.08608675003052,4.08858213119255,4.08882422656378,4.08819381877606,4.08840676416464
817,4.08619260787964,4.0885991395107,4.08884003275693,4.08821248182315,4.08842451300598
818,4.08611631393433,4.08861606954638,4.08885576847653,4.08823105678945,4.08844217898874
819,4.0860481262207,4.08863292179188,4.08887143415095,4.08824954424152,4.08845976264228
820,4.08614730834961,4.0886496967355,4.08888703020527,4.08826794474131,4.08847726449164
821,4.08612728118896,4.08866639486166,4.08890255706124,4.08828625884617,4.08849468505761
822,4.08614635467529,4.08868301665086,4.08891801513733,4.08830448710891,4.08851202485671
823,4.08628225326538,4.08869956257979,4.08893340484881,4.08832263007785,4.08852928440129
824,4.08607006072998,4.08871603312131,4.0889487266077,4.08834068829687,4.0885464641995
825,4.08628034591675,4.08873242874453,4.08896398082288,4.08835866230541,4.08856356475543
826,4.08612394332886,4.08874874991478,4.08897916790005,4.08837655263857,4.08858058656905
827,4.08628559112549,4.08876499709375,4.0889942882418,4.08839435982712,4.08859753013633
828,4.08618021011353,4.08878117073943,4.08900934224764,4.08841208439754,4.08861439594922
829,4.08630895614624,4.08879727130619,4.08902433031399,4.08842972687207,4.08863118449572
830,4.0861988067627,4.0888132992448,4.08903925283427,4.08844728776876,4.08864789625991
831,4.08623075485229,4.08882925500249,4.08905411019886,4.08846476760149,4.088664531722
832,4.08631753921509,4.08884513902295,4.0890689027952,4.08848216688003,4.08868109135833
833,4.0862603187561,4.08886095174637,4.08908363100772,4.08849948611007,4.08869757564147
834,4.0862865447998,4.08887669360948,4.08909829521799,4.08851672579324,4.08871398504018
835,4.0861701965332,4.08889236504562,4.08911289580465,4.0885338864272,4.08873032001952
836,4.08631706237793,4.08890796648469,4.08912743314346,4.08855096850562,4.08874658104084
837,4.08625364303589,4.08892349835325,4.08914190760735,4.08856797251826,4.08876276856182
838,4.08630466461182,4.08893896107453,4.08915631956643,4.08858489895097,4.08877888303653
839,4.08625364303589,4.08895435506846,4.08917066938801,4.08860174828579,4.08879492491543
840,4.08634805679321,4.08896968075169,4.08918495743664,4.0886185210009,4.08881089464543
841,4.08636808395386,4.08898493853765,4.08919918407412,4.08863521757073,4.08882679266991
842,4.08635711669922,4.08900012883656,4.08921334965953,4.08865183846595,4.08884261942877
843,4.08641004562378,4.08901525205544,4.08922745454927,4.08866838415354,4.08885837535844
844,4.08632135391235,4.08903030859819,4.08924149909706,4.08868485509679,4.08887406089193
845,4.08639097213745,4.08904529886559,4.08925548365397,4.08870125175537,4.08888967645887
846,4.086341381073,4.0890602232553,4.08926940856846,4.08871757458532,4.0889052224855
847,4.08648443222046,4.08907508216197,4.08928327418639,4.08873382403915,4.08892069939476
848,4.08638381958008,4.08908987597717,4.08929708085103,4.0887500005658,4.08893610760628
849,4.08639621734619,4.0891046050895,4.08931082890312,4.08876610461071,4.08895144753641
850,4.08641767501831,4.08911926988455,4.08932451868086,4.08878213661587,4.08896671959828
851,4.08642625808716,4.089133870745,4.08933815051994,4.08879809701982,4.08898192420183
852,4.0864405632019,4.08914840805058,4.08935172475359,4.08881398625769,4.08899706175379
853,4.08639621734619,4.08916288217813,4.08936524171255,4.08882980476124,4.08901213265776
854,4.0865273475647,4.08917729350164,4.08937870172512,4.08884555295889,4.08902713731422
855,4.08644914627075,4.08919164239223,4.08939210511721,4.08886123127575,4.08904207612058
856,4.08652973175049,4.08920592921823,4.08940545221231,4.08887684013364,4.08905694947116
857,4.08628225326538,4.08922015434516,4.08941874333155,4.08889237995113,4.08907175775727
858,4.08636713027954,4.08923431813578,4.08943197879368,4.08890785114359,4.08908650136723
859,4.08659267425537,4.08924842095012,4.08944515891515,4.08892325412317,4.08910118068633
860,4.08639144897461,4.08926246314548,4.08945828401007,4.08893858929888,4.08911579609699
861,4.08654832839966,4.0892764450765,4.08947135439028,4.08895385707658,4.08913034797864
862,4.08654737472534,4.08929036709512,4.08948437036532,4.08896905785904,4.08914483670787
863,4.08659696578979,4.08930422955065,4.0894973322425,4.08898419204596,4.08915926265836
864,4.08646726608276,4.08931803278979,4.0895102403269,4.08899926003398,4.08917362620099
865,4.08650970458984,4.08933177715664,4.08952309492137,4.08901426221672,4.08918792770379
866,4.08658027648926,4.08934546299273,4.08953589632657,4.08902919898482,4.08920216753203
867,4.08649158477783,4.08935909063705,4.08954864484099,4.08904407072595,4.08921634604819
868,4.08651924133301,4.08937266042606,4.08956134076096,4.08905887782484,4.08923046361203
869,4.08652400970459,4.08938617269371,4.08957398438069,4.08907362066331,4.0892445205806
870,4.086585521698,4.08939962777148,4.08958657599225,4.08908829962031,4.08925851730825
871,4.08654642105103,4.0894130259884,4.08959911588562,4.08910291507191,4.08927245414666
872,4.08657789230347,4.08942636767105,4.08961160434869,4.08911746739136,4.0892863314449
873,4.08654117584229,4.0894396531436,4.0896240416673,4.0891319569491,4.08930014954939
874,4.08661603927612,4.08945288272784,4.08963642812523,4.0891463841128,4.08931390880399
875,4.08662986755371,4.08946605674318,4.08964876400424,4.08916074924736,4.08932760954996
876,4.08659601211548,4.08947917550668,4.08966104958409,4.08917505271496,4.08934125212602
877,4.08660984039307,4.08949223933307,4.08967328514252,4.08918929487505,4.0893548368684
878,4.08650636672974,4.08950524853477,4.08968547095531,4.08920347608443,4.08936836411079
879,4.08677768707275,4.08951820342193,4.08969760729629,4.08921759669722,4.08938183418443
880,4.08674716949463,4.08953110430241,4.08970969443732,4.08923165706492,4.08939524741807
881,4.08673763275146,4.08954395148184,4.08972173264835,4.08924565753641,4.08940860413807
882,4.08668899536133,4.08955674526361,4.08973372219744,4.08925959845797,4.08942190466834
883,4.08665418624878,4.08956948594892,4.08974566335073,4.08927348017335,4.08943514933044
884,4.08657693862915,4.08958217383674,4.08975755637247,4.08928730302371,4.08944833844351
885,4.08665323257446,4.08959480922393,4.0897694015251,4.08930106734774,4.0894614723244
886,4.08672904968262,4.08960739240515,4.08978119906916,4.0893147734816,4.08947455128758
887,4.08666610717773,4.08961992367296,4.0897929492634,4.08932842175899,4.08948757564524
888,4.0866584777832,4.08963240331778,4.08980465236473,4.08934201251116,4.0895005457073
889,4.08670282363892,4.08964483162796,4.08981630862828,4.0893555460669,4.08951346178137
890,4.08669567108154,4.08965720888976,4.08982791830739,4.08936902275264,4.08952632417285
891,4.0866904258728,4.08966953538738,4.08983948165362,4.08938244289237,4.0895391331849
892,4.08673334121704,4.089681811403,4.08985099891679,4.08939580680774,4.08955188911848
893,4.08663654327393,4.08969403721675,4.08986247034498,4.08940911481807,4.08956459227237
894,4.08668041229248,4.08970621310676,4.08987389618455,4.0894223672403,4.08957724294314
895,4.08677339553833,4.0897183393492,4.08988527668012,4.08943556438912,4.08958984142528
896,4.08672904968262,4.08973041621823,4.08989661207466,4.0894487065769,4.08960238801109
897,4.08655595779419,4.08974244398608,4.08990790260944,4.08946179411377,4.08961488299078
898,4.08676195144653,4.08975442292304,4.08991914852404,4.08947482730758,4.08962732665249
899,4.08676958084106,4.08976635329747,4.08993035005642,4.08948780646399,4.08963971928224
900,4.08671951293945,4.08977823537584,4.08994150744288,4.08950073188642,4.08965206116403
901,4.08673238754272,4.08979006942273,4.08995262091811,4.08951360387613,4.0896643525798
902,4.08677768707275,4.08980185570084,4.08996369071518,4.0895264227322,4.08967659380948
903,4.08676099777222,4.08981359447102,4.08997471706555,4.08953918875156,4.08968878513099
904,4.08671236038208,4.08982528599228,4.08998570019911,4.08955190222899,4.08970092682028
905,4.0868706703186,4.0898369305218,4.08999664034418,4.0895645634572,4.0897130191513
906,4.08677339553833,4.08984852831497,4.0900075377275,4.08957717272676,4.08972506239608
907,4.08676195144653,4.08986007962536,4.09001839257428,4.0895897303262,4.08973705682469
908,4.08676624298096,4.08987158470479,4.0900292051082,4.08960223654195,4.08974900270529
909,4.08674812316895,4.0898830438033,4.0900399755514,4.08961469165845,4.08976090030415
910,4.08680534362793,4.08989445716919,4.09005070412453,4.08962709595807,4.08977274988563
911,4.08676528930664,4.08990582504902,4.09006139104673,4.0896394497212,4.08978455171224
912,4.0868992805481,4.08991714768764,4.09007203653567,4.08965175322623,4.08979630604463
913,4.08685255050659,4.08992842532818,4.09008264080754,4.08966400674958,4.08980801314161
914,4.08683156967163,4.08993965821211,4.09009320407706,4.08967621056571,4.08981967326016
915,4.08686351776123,4.0899508465792,4.09010372655752,4.08968836494716,4.08983128665548
916,4.08687210083008,4.08996199066756,4.09011420846077,4.08970047016453,4.08984285358094
917,4.08680820465088,4.08997309071366,4.09012464999722,4.08971252648651,4.08985437428817
918,4.08682632446289,4.08998414695234,4.09013505137589,4.08972453417991,4.08986584902702
919,4.08691930770874,4.08999515961681,4.09014541280439,4.08973649350967,4.08987727804558
920,4.08680200576782,4.09000612893869,4.09015573448893,4.08974840473886,4.08988866159025
921,4.08692026138306,4.09001705514798,4.09016601663435,4.08976026812871,4.08989999990567
922,4.08692359924316,4.09002793847313,4.09017625944412,4.08977208393864,4.08991129323481
923,4.08677053451538,4.090038779141,4.09018646312037,4.08978385242623,4.08992254181893
924,4.08687305450439,4.09004957737691,4.09019662786385,4.0897955738473,4.08993374589762
925,4.08691644668579,4.09006033340463,4.09020675387401,4.08980724845584,4.08994490570882
926,4.08698892593384,4.09007104744641,4.09021684134895,4.08981887650413,4.08995602148882
927,4.08687162399292,4.09008171972299,4.09022689048548,4.08983045824265,4.08996709347227
928,4.08700180053711,4.0900923504536,4.09023690147908,4.08984199392018,4.08997812189221
929,4.08689308166504,4.09010293985596,4.09024687452397,4.08985348378375,4.08998910698007
930,4.08696174621582,4.09011348814634,4.09025680981306,4.0898649280787,4.09000004896569
931,4.08694696426392,4.09012399553954,4.090266707538,4.08987632704867,4.09001094807734
932,4.0869140625,4.0901344622489,4.09027656788918,4.08988768093562,4.09002180454171
933,4.08690166473389,4.09014488848632,4.09028639105575,4.08989898997984,4.09003261858394
934,4.08695220947266,4.09015527446226,4.09029617722558,4.08991025441999,4.09004339042765
935,4.08696365356445,4.09016562038578,4.09030592658535,4.08992147449305,4.09005412029491
936,4.08682870864868,4.09017592646452,4.0903156393205,4.08993265043444,4.09006480840629
937,4.0869722366333,4.09018619290472,4.09032531561525,4.08994378247789,4.09007545498085
938,4.08697748184204,4.09019641991125,4.09033495565264,4.0899548708556,4.09008606023616
939,4.08689403533936,4.0902066076876,4.0903445596145,4.08996591579815,4.09009662438832
940,4.0870566368103,4.09021675643591,4.09035412768148,4.08997691753456,4.09010714765197
941,4.08697843551636,4.09022686635694,4.09036366003305,4.08998787629228,4.09011763024028
942,4.08696889877319,4.09023693765014,4.09037315684754,4.08999879229723,4.09012807236499
943,4.08699941635132,4.09024697051361,4.09038261830208,4.09000966577378,4.09013847423642
944,4.08702182769775,4.09025696514416,4.0903920445727,4.0900204969448,4.09014883606345
945,4.08683919906616,4.09026692173725,4.09040143583426,4.09003128603164,4.09015915805358
946,4.08702802658081,4.09027684048709,4.09041079226052,4.09004203325415,4.09016944041289
947,4.08703470230103,4.09028672158657,4.09042011402408,4.0900527388307,4.09017968334611
948,4.08698606491089,4.09029656522731,4.09042940129647,4.0900634029782,4.09018988705656
949,4.08705043792725,4.09030637159969,4.09043865424808,4.09007402591208,4.09020005174623
950,4.08716535568237,4.09031614089279,4.09044787304825,4.09008460784634,4.09021017761574
951,4.08701944351196,4.09032587329448,4.0904570578652,4.09009514899353,4.09022026486438
952,4.08706617355347,4.09033556899137,4.09046620886607,4.0901056495648,4.09023031369013
953,4.0871262550354,4.09034522816887,4.09047532621697,4.09011610976985,4.09024032428961
954,4.08707046508789,4.09035485101115,4.0904844100829,4.09012652981701,4.09025029685818
955,4.08715295791626,4.09036443770119,4.09049346062786,4.09013690991321,4.09026023158987
956,4.0870885848999,4.09037398842077,4.09050247801476,4.09014725026399,4.09027012867745
957,4.08710765838623,4.09038350335047,4.09051146240549,4.09015755107354,4.0902799883124
958,4.08709764480591,4.0903929826697,4.09052041396093,4.09016781254468,4.09028981068493
959,4.08709049224854,4.09040242655671,4.09052933284093,4.0901780348789,4.09029959598401
960,4.08715057373047,4.09041183518858,4.09053821920431,4.09018821827634,4.09030934439737
961,4.08714628219604,4.09042120874124,4.0905470732089,4.09019836293583,4.09031905611148
962,4.08698463439941,4.09043054738949,4.09055589501154,4.09020846905486,4.0903287313116
963,4.08705139160156,4.09043985130699,4.09056468476808,4.09021853682964,4.09033837018179
964,4.08712244033813,4.09044912066627,4.09057344263338,4.09022856645509,4.09034797290488
965,4.08712434768677,4.09045835563877,4.09058216876132,4.09023855812483,4.09035753966251
966,4.08709669113159,4.09046755639478,4.09059086330484,4.09024851203122,4.09036707063514
967,4.08712720870972,4.09047672310354,4.09059952641589,4.09025842836536,4.09037656600206
968,4.0871148109436,4.09048585593317,4.0906081582455,4.09026830731708,4.09038602594137
969,4.08718109130859,4.09049495505074,4.09061675894373,4.09027814907499,4.09039545063004
970,4.08701229095459,4.09050402062221,4.09062532865971,4.09028795382646,4.09040484024387
971,4.08715486526489,4.09051305281251,4.09063386754165,4.09029772175762,4.09041419495752
972,4.08720541000366,4.09052205178551,4.09064237573683,4.09030745305341,4.09042351494453
973,4.08711290359497,4.09053101770401,4.0906508533916,4.09031714789757,4.09043280037732
974,4.08718872070312,4.09053995072979,4.09065930065144,4.09032680647263,4.09044205142717
975,4.08718013763428,4.09054885102361,4.09066771766087,4.09033642895993,4.0904512682643
976,4.08711671829224,4.09055771874519,4.09067610456358,4.09034601553965,4.0904604510578
977,4.08717203140259,4.09056655405323,4.09068446150233,4.0903555663908,4.09046959997567
978,4.08718681335449,4.09057535710545,4.09069278861899,4.09036508169124,4.09047871518486
979,4.08719730377197,4.09058412805855,4.09070108605459,4.09037456161767,4.09048779685122
980,4.08712530136108,4.09059286706825,4.09070935394927,4.09038400634565,4.09049684513957
981,4.08715391159058,4.09060157428928,4.09071759244232,4.09039341604963,4.09050586021363
982,4.0871410369873,4.09061024987538,4.09072580167214,4.09040279090291,4.09051484223612
983,4.087158203125,4.09061889397935,4.09073398177634,4.0904121310777,4.0905237913687
984,4.08717060089111,4.09062750675302,4.09074213289163,4.0904214367451,4.09053270777201
985,4.08720779418945,4.09063608834725,4.09075025515392,4.09043070807511,4.09054159160565
986,4.08718967437744,4.09064463891197,4.09075834869827,4.09043994523665,4.09055044302823
987,4.08718538284302,4.09065315859618,4.09076641365894,4.09044914839756,4.09055926219734
988,4.087242603302,4.09066164754792,4.09077445016934,4.09045831772461,4.09056804926958
989,4.08721208572388,4.09067010591432,4.09078245836208,4.09046745338351,4.09057680440055
990,4.08722972869873,4.0906785338416,4.09079043836898,4.09047655553891,4.09058552774488
991,4.08712005615234,4.09068693147506,4.09079839032105,4.09048562435441,4.09059421945622
992,4.08713722229004,4.09069529895909,4.09080631434849,4.09049465999261,4.09060287968724
993,4.08726167678833,4.09070363643721,4.09081421058074,4.09050366261503,4.09061150858967
994,4.087242603302,4.09071194405201,4.09082207914643,4.09051263238219,4.09062010631428
995,4.08731985092163,4.09072022194522,4.09082992017344,4.09052156945361,4.09062867301089
996,4.08722066879272,4.0907284702577,4.09083773378887,4.09053047398779,4.09063720882838
997,4.08727121353149,4.09073668912943,4.09084552011904,4.09053934614224,4.09064571391471
998,4.08731746673584,4.09074487869952,4.09085327928952,4.09054818607345,4.0906541884169
999,4.0872974395752,4.09075303910624,4.09086101142515,4.09055699393699,4.09066263248108
1000,4.08726501464844,4.09076117048698,4.09086871664998,4.09056576988738,4.09067104625243
1001,4.08725309371948,4.09076927297833,4.09087639508734,4.09057451407823,4.09067942987527
1002,4.08729410171509,4.09077734671599,4.09088404685983,4.09058322666216,4.090687783493
1003,4.08740186691284,4.09078539183488,4.09089167208931,4.09059190779084,4.09069610724812
1004,4.08727216720581,4.09079340846905,4.09089927089689,4.09060055761501,4.09070440128228
1005,4.08731651306152,4.09080139675176,4.09090684340301,4.09060917628446,4.09071266573623
1006,4.08719921112061,4.09080935681544,4.09091438972734,4.09061776394804,4.09072090074985
1007,4.08727121353149,4.09081728879173,4.09092190998888,4.09062632075369,4.09072910646216
1008,4.08734321594238,4.09082519281146,4.09092940430589,4.09063484684842,4.09073728301134
1009,4.08721733093262,4.09083306900466,4.09093687279597,4.09064334237834,4.09074543053471
1010,4.08727550506592,4.09084091750057,4.09094431557598,4.09065180748865,4.09075354916873
1011,4.08731842041016,4.09084873842767,4.09095173276213,4.09066024232366,4.09076163904904
1012,4.08730792999268,4.09085653191362,4.09095912446992,4.09066864702677,4.09076970031045
1013,4.08735752105713,4.09086429808534,4.09096649081416,4.09067702174053,4.09077773308693
1014,4.0873875617981,4.09087203706899,4.09097383190902,4.09068536660658,4.09078573751167
1015,4.08743143081665,4.09087974898994,4.09098114786798,4.0906936817657,4.09079371371699
1016,4.08718347549438,4.09088743397283,4.09098843880383,4.09070196735783,4.09080166183445
1017,4.08727741241455,4.09089509214153,4.09099570482875,4.09071022352202,4.0908095819948
1018,4.08733892440796,4.0909027236192,4.09100294605422,4.09071845039647,4.09081747432796
1019,4.08731031417847,4.09091032852822,4.09101016259108,4.09072664811856,4.09082533896313
1020,4.08739233016968,4.09091790699027,4.09101735454954,4.09073481682481,4.09083317602866
1021,4.08735322952271,4.09092545912628,4.09102452203916,4.09074295665092,4.09084098565216
1022,4.0873441696167,4.09093298505648,4.09103166516883,4.09075106773177,4.09084876796046
1023,4.0872688293457,4.09094048490036,4.09103878404686,4.09075915020139,4.09085652307963
1024,4.08737659454346,4.09094795877671,4.0910458787809,4.09076720419302,4.09086425113497
1025,4.08738422393799,4.09095540680362,4.09105294947797,4.0907752298391,4.09087195225103
1026,4.08738279342651,4.09096282909846,4.09105999624449,4.09078322727125,4.09087962655162
1027,4.0873851776123,4.09097022577793,4.09106701918626,4.09079119662031,4.09088727415979
1028,4.08737993240356,4.09097759695801,4.09107401840846,4.0907991380163,4.09089489519787
1029,4.08737134933472,4.09098494275402,4.09108099401567,4.09080705158849,4.09090248978745
1030,4.08733463287354,4.09099226328057,4.09108794611186,4.09081493746536,4.09091005804939
1031,4.08746528625488,4.09099955865163,4.09109487480042,4.0908227957746,4.09091760010382
1032,4.08741044998169,4.09100682898048,4.09110178018412,4.09083062664317,4.09092511607019
1033,4.08737134933472,4.09101407437972,4.09110866236517,4.09083843019723,4.0909326060672
1034,4.08747100830078,4.0910212949613,4.09111552144516,4.09084620656222,4.09094007021286
1035,4.08742952346802,4.09102849083653,4.09112235752514,4.09085395586279,4.09094750862448
1036,4.0873818397522,4.09103566211604,4.09112917070554,4.09086167822287,4.09095492141867
1037,4.08727312088013,4.09104280890983,4.09113596108625,4.09086937376566,4.09096230871135
1038,4.08739566802979,4.09104993132726,4.09114272876657,4.0908770426136,4.09096967061776
1039,4.08743715286255,4.09105702947703,4.09114947384526,4.09088468488842,4.09097700725246
1040,4.08743810653687,4.09106410346722,4.09115619642048,4.09089230071112,4.09098431872932
1041,4.08739471435547,4.0910711534053,4.09116289658986,4.09089989020198,4.09099160516157
1042,4.08730363845825,4.09107817939808,4.09116957445047,4.09090745348057,4.09099886666173
1043,4.0874810218811,4.09108518155177,4.09117623009884,4.09091499066575,4.0910061033417
1044,4.08741474151611,4.09109215997196,4.09118286363094,4.09092250187568,4.09101331531269
1045,4.08736610412598,4.09109911476364,4.0911894751422,4.09092998722783,4.09102050268529
1046,4.08741474151611,4.09110604603118,4.09119606472752,4.09093744683897,4.09102766556943
1047,4.08748245239258,4.09111295387834,4.09120263248126,4.09094488082516,4.09103480407438
1048,4.08741903305054,4.0911198384083,4.09120917849725,4.09095228930183,4.0910419183088
1049,4.08743810653687,4.09112669972364,4.09121570286878,4.09095967238368,4.09104900838071
1050,4.08743190765381,4.09113353792635,4.09122220568865,4.09096703018477,4.09105607439749
1051,4.0874400138855,4.09114035311782,4.09122868704911,4.09097436281847,4.09106311646589
1052,4.08744430541992,4.09114714539887,4.0912351470419,4.0909816703975,4.09107013469208
1053,4.08750677108765,4.09115391486976,4.09124158575826,4.09098895303393,4.09107712918157
1054,4.08751916885376,4.09116066163015,4.0912480032889,4.09099621083916,4.09108410003929
1055,4.08746671676636,4.09116738577914,4.09125439972405,4.09100344392394,4.09109104736954
1056,4.08751535415649,4.09117408741527,4.09126077515341,4.0910106523984,4.09109797127602
1057,4.08750009536743,4.09118076663651,4.0912671296662,4.09101783637199,4.09110487186187
1058,4.08748579025269,4.09118742354028,4.09127346335114,4.09102499595357,4.09111174922958
1059,4.08741283416748,4.09119405822343,4.09127977629646,4.09103213125133,4.0911186034811
1060,4.08754253387451,4.09120067078229,4.0912860685899,4.09103924237285,4.09112543471775
1061,4.08749055862427,4.09120726131261,4.09129234031871,4.0910463294251,4.09113224304031
1062,4.08750152587891,4.09121382990962,4.09129859156967,4.09105339251442,4.09113902854896
1063,4.08744335174561,4.09122037666802,4.09130482242907,4.09106043174653,4.09114579134331
1064,4.08751392364502,4.09122690168195,4.09131103298272,4.09106744722655,4.0911525315224
1065,4.08749103546143,4.09123340504504,4.09131722331598,4.09107443905901,4.09115924918471
1066,4.08752584457397,4.09123988685038,4.09132339351371,4.0910814073478,4.09116594442817
1067,4.08759307861328,4.09124634719053,4.09132954366034,4.09108835219625,4.09117261735012
1068,4.08763742446899,4.09125278615756,4.09133567383981,4.0910952737071,4.09117926804737
1069,4.08758497238159,4.091259203843,4.09134178413561,4.09110217198248,4.09118589661619
1070,4.0874137878418,4.09126560033786,4.09134787463078,4.09110904712394,4.09119250315229
1071,4.08755731582642,4.09127197573266,4.09135394540789,4.09111589923246,4.09119908775084
1072,4.08747720718384,4.09127833011742,4.09135999654908,4.09112272840845,4.09120565050646
1073,4.0875449180603,4.09128466358163,4.09136602813602,4.09112953475174,4.09121219151326
1074,4.08752870559692,4.09129097621431,4.09137204024997,4.09113631836158,4.09121871086482
1075,4.08752059936523,4.09129726810396,4.0913780329717,4.09114307933668,4.09122520865416
1076,4.08760499954224,4.0913035393386,4.09138400638159,4.09114981777519,4.09123168497382
1077,4.08759641647339,4.09130979000577,4.09138996055956,4.09115653377467,4.09123813991578
1078,4.08760929107666,4.09131602019251,4.0913958955851,4.09116322743217,4.09124457357154
1079,4.08744859695435,4.09132222998539,4.09140181153727,4.09116989884418,4.09125098603206
1080,4.08754968643188,4.0913284194705,4.09140770849471,4.09117654810663,4.09125737738781
1081,4.08761119842529,4.09133458873344,4.09141358653563,4.09118317531493,4.09126374772874
1082,4.08758783340454,4.09134073785935,4.09141944573782,4.09118978056394,4.09127009714432
1083,4.08754682540894,4.09134686693291,4.09142528617866,4.091196363948,4.0912764257235
1084,4.08754253387451,4.09135297603832,4.0914311079351,4.0912029255609,4.09128273355474
1085,4.08761024475098,4.09135906525933,4.09143691108368,4.09120946549593,4.09128902072602
1086,4.08760786056519,4.0913651346792,4.09144269570056,4.09121598384585,4.09129528732481
1087,4.08763647079468,4.09137118438079,4.09144846186144,4.09122248070288,4.09130153343813
1088,4.08751010894775,4.09137721444644,4.09145420964166,4.09122895615875,4.09130775915248
1089,4.08758068084717,4.0913832249581,4.09145993911614,4.09123541030468,4.09131396455391
1090,4.08755922317505,4.09138921599724,4.09146565035941,4.09124184323137,4.09132014972798
1091,4.08754777908325,4.09139518764489,4.09147134344558,4.09124825502902,4.09132631475978
1092,4.08760595321655,4.09140113998165,4.0914770184484,4.09125464578732,4.09133245973394
1093,4.08761978149414,4.09140707308766,4.0914826754412,4.09126101559549,4.09133858473462
1094,4.08762264251709,4.09141298704266,4.09148831449694,4.09126736454223,4.09134468984552
1095,4.08761882781982,4.09141888192592,4.09149393568819,4.09127369271576,4.09135077514988
1096,4.0875678062439,4.0914247578163,4.09149953908712,4.09128000020381,4.09135684073047
1097,4.08763551712036,4.09143061479224,4.09150512476555,4.09128628709363,4.09136288666963
1098,4.08781719207764,4.09143645293175,4.09151069279489,4.09129255347198,4.09136891304925
1099,4.08761358261108,4.09144227231241,4.0915162432462,4.09129879942515,4.09137491995075
1100,4.08758401870728,4.09144807301139,4.09152177619015,4.09130502503897,4.09138090745512
1101,4.08760833740234,4.09145385510546,4.09152729169705,4.09131123039876,4.09138687564292
1102,4.08762264251709,4.09145961867094,4.09153278983682,4.09131741558942,4.09139282459426
1103,4.08759832382202,4.09146536378378,4.09153827067903,4.09132358069535,4.09139875438882
1104,4.08761024475098,4.0914710905195,4.0915437342929,4.0913297258005,4.09140466510583
1105,4.08770608901978,4.09147679895322,4.09154918074727,4.09133585098837,4.09141055682413
1106,4.08760070800781,4.09148248915968,4.0915546101106,4.09134195634199,4.0914164296221
1107,4.08770608901978,4.09148816121317,4.09156002245105,4.09134804194395,4.09142228357771
1108,4.08758687973022,4.09149381518765,4.09156541783637,4.09135410787639,4.09142811876851
1109,4.08768844604492,4.09149945115663,4.09157079633399,4.091360154221,4.09143393527163
1110,4.08757448196411,4.09150506919327,4.09157615801098,4.09136618105902,4.09143973316378
1111,4.0876669883728,4.0915106693703,4.09158150293405,4.09137218847127,4.09144551252126
1112,4.08761119842529,4.09151625176011,4.09158683116959,4.09137817653811,4.09145127341999
1113,4.08763027191162,4.09152181643468,4.09159214278364,4.09138414533948,4.09145701593543
1114,4.08763122558594,4.09152736346561,4.09159743784187,4.09139009495488,4.09146274014268
1115,4.08778429031372,4.09153289292413,4.09160271640965,4.0913960254634,4.09146844611642
1116,4.08773565292358,4.09153840488109,4.09160797855199,4.09140193694367,4.09147413393094
1117,4.0877571105957,4.09154389940696,4.09161322433357,4.09140782947394,4.09147980366012
1118,4.08769035339355,4.09154937657186,4.09161845381875,4.09141370313201,4.09148545537746
1119,4.08761548995972,4.09155483644551,4.09162366707155,4.09141955799527,4.09149108915607
1120,4.08767986297607,4.0915602790973,4.09162886415565,4.0914253941407,4.09149670506866
1121,4.08769178390503,4.09156570459624,4.09163404513442,4.09143121164486,4.09150230318756
1122,4.08774518966675,4.09157111301096,4.09163921007091,4.09143701058391,4.09150788358473
1123,4.08774089813232,4.09157650440976,4.09164435902782,4.0914427910336,4.09151344633174
1124,4.08759737014771,4.09158187886058,4.09164949206757,4.09144855306927,4.09151899149977
1125,4.08762311935425,4.09158723643098,4.09165460925223,4.09145429676589,4.09152451915965
1126,4.08770084381104,4.0915925771882,4.09165971064357,4.09146002219797,4.09153002938181
1127,4.08765029907227,4.09159790119911,4.09166479630305,4.0914657294397,4.09153552223632
1128,4.08768320083618,4.09160320853024,4.09166986629179,4.09147141856482,4.09154099779289
1129,4.08764266967773,4.09160849924778,4.09167492067065,4.0914770896467,4.09154645612086
1130,4.08756494522095,4.09161377341757,4.09167995950012,4.09148274275832,4.09155189728921
1131,4.0877537727356,4.0916190311051,4.09168498284044,4.09148837797228,4.09155732136655
1132,4.08770227432251,4.09162427237555,4.09168999075152,4.09149399536078,4.09156272842113
1133,4.08765554428101,4.09162949729373,4.09169498329296,4.09149959499568,4.09156811852085
1134,4.08770656585693,4.09163470592414,4.09169996052407,4.09150517694841,4.09157349173327
1135,4.08773803710938,4.09163989833094,4.09170492250388,4.09151074129006,4.09157884812556
1136,4.08771467208862,4.09164507457795,4.09170986929109,4.09151628809134,4.09158418776459
1137,4.08774852752686,4.09165023472869,4.09171480094413,4.09152181742258,4.09158951071684
1138,4.08769035339355,4.09165537884633,4.09171971752111,4.09152732935375,4.09159481704847
1139,4.0876259803772,4.09166050699372,4.0917246190799,4.09153282395445,4.09160010682529
1140,4.08766841888428,4.09166561923339,4.09172950567802,4.09153830129392,4.09160538011276
1141,4.08775043487549,4.09167071562756,4.09173437737274,4.09154376144105,4.09161063697603
1142,4.08777523040771,4.09167579623812,4.09173923422104,4.09154920446434,4.09161587747988
1143,4.08783960342407,4.09168086112665,4.09174407627961,4.09155463043197,4.09162110168878
1144,4.08774518966675,4.09168591035442,4.09174890360486,4.09156003941175,4.09162630966686
1145,4.0877537727356,4.09169094398238,4.09175371625291,4.09156543147112,4.09163150147791
1146,4.08774852752686,4.09169596207118,4.09175851427963,4.09157080667721,4.09163667718541
1147,4.08774328231812,4.09170096468116,4.09176329774058,4.09157616509677,4.09164183685251
1148,4.08775472640991,4.09170595187235,4.09176806669107,4.09158150679622,4.09164698054204
1149,4.08774757385254,4.09171092370447,4.09177282118613,4.09158683184163,4.09165210831649
1150,4.08769702911377,4.09171588023696,4.09177756128049,4.09159214029873,4.09165722023804
1151,4.08766841888428,4.09172082152895,4.09178228702866,4.09159743223293,4.09166231636857
1152,4.08779525756836,4.09172574763925,4.09178699848485,4.09160270770928,4.09166739676963
1153,4.08786392211914,4.09173065862642,4.09179169570301,4.0916079667925,4.09167246150245
1154,4.08780002593994,4.09173555454869,4.09179637873681,4.09161320954699,4.09167751062796
1155,4.08776664733887,4.091740435464,4.0918010476397,4.09161843603681,4.09168254420678
1156,4.08774852752686,4.09174530143001,4.09180570246482,4.0916236463257,4.09168756229922
1157,4.08780479431152,4.0917501525041,4.09181034326507,4.09162884047706,4.09169256496529
1158,4.08787441253662,4.09175498874334,4.09181497009311,4.09163401855399,4.09169755226469
1159,4.0878267288208,4.09175981020454,4.0918195830013,4.09163918061924,4.09170252425681
1160,4.08776760101318,4.09176461694419,4.09182418204179,4.09164432673526,4.09170748100077
1161,4.08788251876831,4.09176940901855,4.09182876726645,4.09164945696419,4.09171242255535
1162,4.0878267288208,4.09177418648356,4.09183333872689,4.09165457136784,4.09171734897908
1163,4.08782434463501,4.09177894939489,4.0918378964745,4.09165967000769,4.09172226033017
1164,4.08783292770386,4.09178369780794,4.09184244056039,4.09166475294495,4.09172715666652
1165,4.08777618408203,4.09178843177784,4.09184697103545,4.09166982024049,4.09173203804579
1166,4.08774518966675,4.09179315135944,4.09185148795029,4.09167487195488,4.09173690452531
1167,4.08776950836182,4.09179785660732,4.09185599135531,4.09167990814839,4.09174175616214
1168,4.08780241012573,4.09180254757579,4.09186048130065,4.09168492888098,4.09174659301305
1169,4.08771657943726,4.09180722431889,4.09186495783621,4.0916899342123,4.09175141513452
1170,4.08778858184814,4.0918118868904,4.09186942101164,4.09169492420173,4.09175622258277
1171,4.08786582946777,4.09181653534383,4.09187387087637,4.09169989890832,4.09176101541373
1172,4.08786678314209,4.09182116973244,4.09187830747959,4.09170485839084,4.09176579368304
1173,4.08783912658691,4.0918257901092,4.09188273087023,4.09170980270776,4.09177055744608
1174,4.08784055709839,4.09183039652685,4.09188714109702,4.09171473191727,4.09177530675795
1175,4.08781433105469,4.09183498903786,4.09189153820843,4.09171964607724,4.09178004167347
1176,4.08787870407104,4.09183956769444,4.09189592225271,4.09172454524528,4.0917847622472
1177,4.08778238296509,4.09184413254856,4.09190029327788,4.09172942947871,4.09178946853343
1178,4.08781957626343,4.09184868365191,4.09190465133173,4.09173429883456,4.09179416058618
1179,4.08779525756836,4.09185322105596,4.09190899646182,4.09173915336956,4.09179883845921
1180,4.08784484863281,4.0918577448119,4.09191332871548,4.09174399314018,4.09180350220599
1181,4.08793449401855,4.0918622549707,4.09191764813984,4.09174881820261,4.09180815187976
1182,4.08787631988525,4.09186675158306,4.09192195478176,4.09175362861275,4.09181278753349
1183,4.08793354034424,4.09187123469944,4.09192624868793,4.09175842442623,4.09181740921987
1184,4.0878438949585,4.09187570437006,4.09193052990477,4.0917632056984,4.09182201699136
1185,4.08786058425903,4.0918801606449,4.09193479847853,4.09176797248435,4.09182661090015
1186,4.08779001235962,4.0918846035737,4.0919390544552,4.09177272483889,4.09183119099817
1187,4.08778667449951,4.09188903320594,4.09194329788057,4.09177746281655,4.09183575733712
1188,4.08784151077271,4.09189344959088,4.09194752880023,4.09178218647161,4.09184030996841
1189,4.08780765533447,4.09189785277756,4.09195174725952,4.09178689585807,4.09184484894325
1190,4.0879077911377,4.09190224281473,4.09195595330359,4.09179159102968,4.09184937431255
1191,4.08791875839233,4.09190661975097,4.09196014697739,4.09179627203991,4.09185388612701
1192,4.08787107467651,4.09191098363458,4.09196432832562,4.09180093894197,4.09185838443706
1193,4.08776044845581,4.09191533451366,4.09196849739281,4.09180559178884,4.09186286929291
1194,4.08797693252563,4.09191967243605,4.09197265422327,4.0918102306332,4.09186734074451
1195,4.08775615692139,4.09192399744939,4.0919767988611,4.0918148555275,4.09187179884157
1196,4.08794069290161,4.09192830960109,4.09198093135018,4.09181946652392,4.09187624363357
1197,4.08791255950928,4.09193260893831,4.09198505173421,4.0918240636744,4.09188067516974
1198,4.08786582946777,4.091936895508,4.09198916005668,4.09182864703061,4.09188509349909
1199,4.0878381729126,4.0919411693569,4.09199325636087,4.091833216644,4.09188949867036
1200,4.08777475357056,4.09194543053151,4.09199734068986,4.09183777256573,4.09189389073211
1201,4.08793878555298,4.09194967907811,4.09200141308654,4.09184231484674,4.09189826973262
1202,4.08791875839233,4.09195391504279,4.09200547359359,4.09184684353772,4.09190263571997
1203,4.08789730072021,4.09195813847138,4.09200952225351,4.09185135868912,4.09190698874198
1204,4.08792400360107,4.09196234940951,4.09201355910858,4.09185586035114,4.09191132884626
1205,4.08780574798584,4.09196654790261,4.0920175842009,4.09186034857372,4.0919156560802
1206,4.08795785903931,4.09197073399588,4.09202159757237,4.0918648234066,4.09191997049096
1207,4.0878438949585,4.09197490773432,4.0920255992647,4.09186928489925,4.09192427212547
1208,4.08784866333008,4.09197906916269,4.09202958931942,4.09187373310092,4.09192856103043
1209,4.08787631988525,4.09198321832558,4.09203356777785,4.09187816806061,4.09193283725234
1210,4.08783102035522,4.09198735526734,4.09203753468112,4.09188258982709,4.09193710083745
1211,4.08794212341309,4.09199148003213,4.0920414900702,4.09188699844891,4.09194135183183
1212,4.08794736862183,4.0919955926639,4.09204543398583,4.09189139397437,4.0919455902813
1213,4.08790493011475,4.09199969320638,4.09204936646861,4.09189577645156,4.09194981623147
1214,4.08784151077271,4.09200378170313,4.09205328755891,4.09190014592832,4.09195402972774
1215,4.08782911300659,4.09200785819746,4.09205719729695,4.09190450245227,4.09195823081531
1216,4.08791255950928,4.09201192273252,4.09206109572275,4.0919088460708,4.09196241953914
1217,4.08785629272461,4.09201597535124,4.09206498287616,4.0919131768311,4.091966595944
1218,4.08781719207764,4.09202001609635,4.09206885879683,4.09191749478011,4.09197076007444
1219,4.08800315856934,4.09202404501039,4.09207272352424,4.09192179996455,4.0919749119748
1220,4.08792066574097,4.09202806213571,4.09207657709771,4.09192609243092,4.09197905168921
1221,4.08797883987427,4.09203206751444,4.09208041955635,4.09193037222553,4.09198317926163
1222,4.08788061141968,4.09203606118854,4.09208425093911,4.09193463939442,4.09198729473574
1223,4.08786487579346,4.09204004319975,4.09208807128477,4.09193889398345,4.0919913981551
1224,4.08794212341309,4.09204401358965,4.09209188063192,4.09194313603827,4.09199548956301
1225,4.08797359466553,4.0920479723996,4.09209567901899,4.09194736560428,4.09199956900259
1226,4.08787870407104,4.09205191967079,4.09209946648422,4.09195158272669,4.09200363651675
1227,4.08795213699341,4.09205585544422,4.09210324306571,4.09195578745051,4.09200769214822
1228,4.08793449401855,4.09205977976068,4.09210700880135,4.09195997982052,4.09201173593952
1229,4.08789777755737,4.09206369266079,4.09211076372888,4.09196415988129,4.09201576793296
1230,4.08789777755737,4.092067594185,4.09211450788588,4.09196832767719,4.09201978817068
1231,4.08791875839233,4.09207148437354,4.09211824130974,4.09197248325238,4.0920237966946
1232,4.08776760101318,4.09207536326648,4.0921219640377,4.09197662665083,4.09202779354647
1233,4.08783388137817,4.09207923090371,4.09212567610683,4.09198075791627,4.09203177876783
1234,4.08795785903931,4.09208308732492,4.09212937755404,4.09198487709227,4.09203575240005
1235,4.08791446685791,4.09208693256964,4.09213306841606,4.09198898422216,4.09203971448427
1236,4.08789348602295,4.0920907666772,4.09213674872946,4.09199307934909,4.0920436650615
1237,4.08793449401855,4.09209458968677,4.09214041853067,4.09199716251601,4.0920476041725
1238,4.08789539337158,4.09209840163733,4.09214407785593,4.09200123376566,4.0920515318579
1239,4.08783435821533,4.09210220256769,4.09214772674133,4.0920052931406,4.09205544815809
1240,4.0879430770874,4.09210599251649,4.09215136522282,4.09200934068317,4.09205935311332
1241,4.08792066574097,4.09210977152219,4.09215499333615,4.09201337643555,4.09206324676364
1242,4.08798503875732,4.09211353962306,4.09215861111696,4.09201740043968,4.09206712914891
1243,4.087965965271,4.09211729685723,4.09216221860069,4.09202141273735,4.09207100030881
1244,4.08801174163818,4.09212104326264,4.09216581582264,4.09202541337014,4.09207486028286
1245,4.08784675598145,4.09212477887705,4.09216940281797,4.09202940237942,4.09207870911037
1246,4.08791351318359,4.09212850373808,4.09217297962168,4.09203337980642,4.0920825468305
1247,4.08790254592896,4.09213221788315,4.09217654626859,4.09203734569213,4.09208637348221
1248,4.08797264099121,4.09213592134952,4.0921801027934,4.09204130007738,4.0920901891043
1249,4.0879373550415,4.09213961417432,4.09218364923063,4.09204524300282,4.09209399373539
1250,4.08793449401855,4.09214329639446,4.09218718561469,4.09204917450888,4.09209778741393
1251,4.08791780471802,4.0921469680467,4.09219071197978,4.09205309463586,4.09210157017817
1252,4.08787631988525,4.09215062916768,4.09219422836002,4.09205700342382,4.09210534206623
1253,4.0878005027771,4.09215427979382,4.09219773478932,4.09206090091267,4.09210910311603
1254,4.08802223205566,4.0921579199614,4.09220123130148,4.09206478714215,4.09211285336533
1255,4.0878849029541,4.09216154970655,4.09220471793014,4.09206866215179,4.09211659285171
1256,4.08795881271362,4.09216516906523,4.0922081947088,4.09207252598095,4.0921203216126
1257,4.08794498443604,4.09216877807323,4.09221166167081,4.09207637866882,4.09212403968525
1258,4.08803081512451,4.0921723767662,4.09221511884936,4.09208022025443,4.09212774710674
1259,4.08796215057373,4.09217596517963,4.09221856627754,4.09208405077659,4.09213144391399
1260,4.08812379837036,4.09217954334885,4.09222200398824,4.09208787027396,4.09213513014377
1261,4.08803176879883,4.09218311130902,4.09222543201427,4.09209167878505,4.09213880583266
1262,4.08797454833984,4.09218666909517,4.09222885038824,4.09209547634814,4.09214247101709
1263,4.08787536621094,4.09219021674216,4.09223225914266,4.0920992630014,4.09214612573333
1264,4.0881233215332,4.0921937542847,4.09223565830988,4.09210303878279,4.09214977001748
1265,4.08804750442505,4.09219728175735,4.09223904792212,4.0921068037301,4.0921534039055
1266,4.08807706832886,4.09220079919452,4.09224242801146,4.09211055788098,4.09215702743318
1267,4.08807373046875,4.09220430663047,4.09224579860984,4.09211430127288,4.09216064063613
1268,4.08804130554199,4.09220780409931,4.09224915974906,4.0921180339431,4.09216424354983
1269,4.08786058425903,4.09221129163499,4.0922525114608,4.09212175592877,4.0921678362096
1270,4.08793020248413,4.09221476927132,4.09225585377659,4.09212546726685,4.0921714186506
1271,4.08801555633545,4.09221823704197,4.09225918672782,4.09212916799416,4.09217499090784
1272,4.08790302276611,4.09222169498046,4.09226251034577,4.09213285814731,4.09217855301616
1273,4.08801794052124,4.09222514312016,4.09226582466157,4.0921365377628,4.09218210501026
1274,4.08819770812988,4.09222858149429,4.0922691297062,4.09214020687693,4.0921856469247
1275,4.08804941177368,4.09223201013594,4.09227242551056,4.09214386552586,4.09218917879386
1276,4.08812046051025,4.09223542907805,4.09227571210537,4.09214751374558,4.09219270065199
1277,4.08806228637695,4.09223883835341,4.09227898952123,4.09215115157193,4.0921962125332
1278,4.08807945251465,4.09224223799469,4.09228225778864,4.09215477904057,4.09219971447141
1279,4.08796834945679,4.09224562803439,4.09228551693793,4.09215839618705,4.09220320650043
1280,4.08811187744141,4.0922490085049,4.09228876699933,4.0921620030467,4.09220668865392
1281,4.08794593811035,4.09225237943843,4.09229200800293,4.09216559965475,4.09221016096537
1282,4.08801984786987,4.09225574086711,4.0922952399787,4.09216918604625,4.09221362346816
1283,4.08796215057373,4.09225909282288,4.09229846295648,4.0921727622561,4.09221707619548
1284,4.0880241394043,4.09226243533756,4.09230167696599,4.09217632831904,4.09222051918042
1285,4.08804559707642,4.09226576844284,4.09230488203682,4.09217988426968,4.0922239524559
1286,4.08806133270264,4.09226909217028,4.09230807819842,4.09218343014246,4.0922273760547
1287,4.08807373046875,4.09227240655129,4.09231126548016,4.09218696597167,4.09223079000948
1288,4.08808946609497,4.09227571161714,4.09231444391124,4.09219049179146,4.09223419435273
1289,4.08814382553101,4.092279007399,4.09231761352077,4.09219400763583,4.09223758911682
1290,4.08817338943481,4.09228229392786,4.09232077433772,4.09219751353862,4.09224097433398
1291,4.08802127838135,4.09228557123462,4.09232392639095,4.09220100953353,4.09224435003627
1292,4.0880274772644,4.09228883935004,4.0923270697092,4.09220449565413,4.09224771625566
1293,4.08801603317261,4.09229209830472,4.09233020432108,4.09220797193383,4.09225107302396
1294,4.08810234069824,4.09229534812917,4.09233333025509,4.09221143840588,4.09225442037284
1295,4.08799123764038,4.09229858885374,4.09233644753961,4.09221489510343,4.09225775833383
1296,4.08789968490601,4.09230182050868,4.09233955620291,4.09221834205943,4.09226108693836
1297,4.0879955291748,4.09230504312408,4.09234265627313,4.09222177930674,4.09226440621767
1298,4.08807897567749,4.09230825672994,4.09234574777829,4.09222520687804,4.09226771620291
1299,4.08810138702393,4.09231146135609,4.09234883074631,4.0922286248059,4.09227101692509
1300,4.08815288543701,4.09231465703228,4.09235190520499,4.09223203312273,4.09227430841508
1301,4.08812999725342,4.0923178437881,4.09235497118201,4.0922354318608,4.09227759070362
1302,4.08798503875732,4.09232102165304,4.09235802870494,4.09223882105227,4.09228086382132
1303,4.08820915222168,4.09232419065644,4.09236107780123,4.09224220072912,4.09228412779866
1304,4.08798313140869,4.09232735082754,4.09236411849824,4.09224557092323,4.092287382666
1305,4.08797550201416,4.09233050219545,4.09236715082319,4.09224893166631,4.09229062845355
1306,4.0880126953125,4.09233364478916,4.0923701748032,4.09225228298997,4.09229386519142
1307,4.08810472488403,4.09233677863753,4.09237319046527,4.09225562492566,4.09229709290957
1308,4.0881986618042,4.09233990376931,4.09237619783631,4.09225895750471,4.09230031163786
1309,4.08808851242065,4.09234302021314,4.09237919694311,4.09226228075831,4.09230352140598
1310,4.08817434310913,4.09234612799751,4.09238218781234,4.09226559471751,4.09230672224355
1311,4.08809089660645,4.09234922715081,4.09238517047057,4.09226889941326,4.09230991418002
1312,4.08805179595947,4.09235231770132,4.09238814494427,4.09227219487633,4.09231309724474
1313,4.08811807632446,4.0923553996772,4.09239111125979,4.0922754811374,4.09231627146694
1314,4.08806133270264,4.09235847310647,4.09239406944337,4.09227875822701,4.09231943687571
1315,4.08811616897583,4.09236153801706,4.09239701952117,4.09228202617556,4.09232259350003
1316,4.08816242218018,4.09236459443678,4.09239996151921,4.09228528501333,4.09232574136875
1317,4.08803462982178,4.09236764239332,4.09240289546342,4.09228853477048,4.09232888051062
1318,4.08802127838135,4.09237068191425,4.09240582137962,4.09229177547703,4.09233201095425
1319,4.08810997009277,4.09237371302705,4.09240873929355,4.09229500716288,4.09233513272815
1320,4.08804416656494,4.09237673575905,4.09241164923081,4.0922982298578,4.09233824586067
1321,4.08806753158569,4.0923797501375,4.09241455121692,4.09230144359144,4.09234135038011
1322,4.08812761306763,4.09238275618953,4.09241744527728,4.09230464839333,4.09234444631458
1323,4.0881085395813,4.09238575394214,4.09242033143722,4.09230784429287,4.09234753369213
1324,4.08821105957031,4.09238874342225,4.09242320972193,4.09231103131934,4.09235061254066
1325,4.0880970954895,4.09239172465665,4.09242608015651,4.09231420950188,4.09235368288797
1326,4.08816385269165,4.09239469767202,4.09242894276599,4.09231737886954,4.09235674476175
1327,4.08811521530151,4.09239766249495,4.09243179757525,4.09232053945124,4.09235979818956
1328,4.08825874328613,4.09240061915189,4.09243464460911,4.09232369127576,4.09236284319885
1329,4.08803462982178,4.0924035676692,4.09243748389228,4.09232683437178,4.09236587981697
1330,4.08812046051025,4.09240650807316,4.09244031544935,4.09232996876785,4.09236890807115
1331,4.08819103240967,4.09240944038989,4.09244313930484,4.09233309449241,4.0923719279885
1332,4.08803272247314,4.09241236464543,4.09244595548316,4.09233621157378,4.09237493959603
1333,4.08813428878784,4.09241528086572,4.09244876400863,4.09233932004017,4.09237794292063
1334,4.08816289901733,4.0924181890766,4.09245156490547,4.09234241991965,4.09238093798909
1335,4.08805084228516,4.09242108930378,4.09245435819779,4.0923455112402,4.09238392482809
1336,4.08808994293213,4.09242398157289,4.09245714390963,4.09234859402966,4.09238690346419
1337,4.08816242218018,4.09242686590944,4.09245992206492,4.09235166831579,4.09238987392385
1338,4.08810758590698,4.09242974233885,4.09246269268749,4.09235473412621,4.09239283623343
1339,4.08816242218018,4.09243261088644,4.09246545580108,4.09235779148842,4.09239579041916
1340,4.08817529678345,4.0924354715774,4.09246821142935,4.09236084042983,4.09239873650718
1341,4.08805513381958,4.09243832443685,4.09247095959585,4.09236388097773,4.09240167452354
1342,4.08819341659546,4.0924411694898,4.09247370032405,4.09236691315928,4.09240460449414
1343,4.08809614181519,4.09244400676116,4.09247643363731,4.09236993700156,4.09240752644481
1344,4.08806848526001,4.09244683627573,4.09247915955892,4.09237295253152,4.09241044040127
1345,4.08827543258667,4.09244965805823,4.09248187811205,4.092375959776,4.09241334638913
1346,4.08818483352661,4.09245247213326,4.09248458931982,4.09237895876173,4.0924162444339
1347,4.08807802200317,4.09245527852533,4.09248729320521,4.09238194951534,4.09241913456098
1348,4.08820390701294,4.09245807725887,4.09248998979117,4.09238493206335,4.09242201679569
1349,4.08814907073975,4.09246086835818,4.09249267910049,4.09238790643217,4.09242489116321
1350,4.08803606033325,4.0924636518475,4.09249536115593,4.0923908726481,4.09242775768866
1351,4.08821439743042,4.09246642775093,4.09249803598014,4.09239383073733,4.09243061639703
1352,4.08816385269165,4.09246919609251,4.09250070359567,4.09239678072596,4.09243346731322
1353,4.08820152282715,4.09247195689618,4.09250336402499,4.09239972263996,4.09243631046203
1354,4.08821678161621,4.09247471018577,4.0925060172905,4.09240265650523,4.09243914586817
1355,4.08822727203369,4.09247745598502,4.09250866341449,4.09240558234753,4.09244197355623
1356,4.08820581436157,4.09248019431759,4.09251130241918,4.09240850019253,4.09244479355072
1357,4.08813095092773,4.09248292520702,4.09251393432668,4.09241141006581,4.09244760587604
1358,4.08813428878784,4.0924856486768,4.09251655915904,4.09241431199282,4.09245041055651
1359,4.08811807632446,4.09248836475028,4.09251917693821,4.09241720599893,4.09245320761633
1360,4.08817863464355,4.09249107345074,4.09252178768607,4.09242009210941,4.09245599707963
1361,4.08806991577148,4.09249377480138,4.0925243914244,4.0924229703494,4.09245877897042
1362,4.08813810348511,4.09249646882529,4.0925269881749,4.09242584074397,4.09246155331263
1363,4.08811187744141,4.09249915554547,4.0925295779592,4.09242870331807,4.09246432013009
1364,4.08812379837036,4.09250183498485,4.09253216079882,4.09243155809657,4.09246707944653
1365,4.08827018737793,4.09250450716625,4.09253473671521,4.09243440510423,4.0924698312856
1366,4.08812141418457,4.09250717211239,4.09253730572975,4.0924372443657,4.09247257567085
1367,4.08812236785889,4.09250982984594,4.09253986786373,4.09244007590555,4.09247531262573
1368,4.08816909790039,4.09251248038946,4.09254242313836,4.09244289974825,4.0924780421736
1369,4.08811378479004,4.09251512376541,4.09254497157475,4.09244571591816,4.09248076433774
1370,4.08820819854736,4.09251775999617,4.09254751319396,4.09244852443955,4.09248347914134
1371,4.08828210830688,4.09252038910406,4.09255004801694,4.0924513253366,4.09248618660746
1372,4.08809518814087,4.09252301111127,4.09255257606458,4.09245411863339,4.09248888675913
1373,4.0881552696228,4.09252562603992,4.09255509735769,4.0924569043539,4.09249157961923
1374,4.08818387985229,4.09252823391208,4.092557611917,4.09245968252202,4.09249426521061
1375,4.08824634552002,4.09253083474967,4.09256011976314,4.09246245316154,4.09249694355597
1376,4.0883264541626,4.09253342857457,4.09256262091669,4.09246521629617,4.09249961467797
1377,4.08824300765991,4.09253601540857,4.09256511539814,4.09246797194952,4.09250227859916
1378,4.08819198608398,4.09253859527336,4.09256760322791,4.0924707201451,4.092504935342
1379,4.08825540542603,4.09254116819057,4.09257008442632,4.09247346090632,4.09250758492887
1380,4.08813095092773,4.09254373418172,4.09257255901363,4.09247619425653,4.09251022738206
1381,4.08819341659546,4.09254629326826,4.09257502701003,4.09247892021896,4.09251286272377
1382,4.08822154998779,4.09254884547156,4.09257748843562,4.09248163881676,4.09251549097612
1383,4.08816766738892,4.09255139081292,4.09257994331044,4.09248435007298,4.09251811216114
1384,4.08806467056274,4.09255392931352,4.09258239165443,4.0924870540106,4.09252072630079
1385,4.08805990219116,4.09255646099449,4.09258483348748,4.09248975065249,4.09252333341691
1386,4.08819770812988,4.09255898587688,4.09258726882939,4.09249244002144,4.09252593353129
1387,4.08820390701294,4.09256150398165,4.0925896976999,4.09249512214015,4.09252852666562
1388,4.0882568359375,4.09256401532967,4.09259212011865,4.09249779703123,4.09253111284151
1389,4.08810424804688,4.09256651994175,4.09259453610524,4.0925004647172,4.09253369208049
1390,4.08830642700195,4.09256901783861,4.09259694567917,4.0925031252205,4.092536264404
1391,4.08811807632446,4.0925715090409,4.09259934885987,4.09250577856348,4.0925388298334
1392,4.08819627761841,4.09257399356918,4.09260174566671,4.09250842476839,4.09254138838997
1393,4.08818292617798,4.09257647144393,4.09260413611899,4.09251106385743,4.09254394009491
1394,4.08825778961182,4.09257894268556,4.09260652023592,4.09251369585267,4.09254648496933
1395,4.08805704116821,4.09258140731441,4.09260889803665,4.09251632077612,4.09254902303426
1396,4.08823251724243,4.09258386535073,4.09261126954026,4.0925189386497,4.09255155431068
1397,4.08820915222168,4.0925863168147,4.09261363476575,4.09252154949525,4.09255407881944
1398,4.08818387985229,4.09258876172643,4.09261599373206,4.09252415333451,4.09255659658135
1399,4.08820724487305,4.09259120010592,4.09261834645806,4.09252675018916,4.09255910761711
1400,4.08832740783691,4.09259363197314,4.09262069296253,4.09252934008078,4.09256161194738
1401,4.08818578720093,4.09259605734796,4.09262303326421,4.09253192303087,4.0925641095927
1402,4.08834838867188,4.09259847625019,4.09262536738174,4.09253449906085,4.09256660057355
1403,4.08829164505005,4.09260088869953,4.09262769533373,4.09253706819206,4.09256908491035
1404,4.08818578720093,4.09260329471566,4.09263001713868,4.09253963044575,4.09257156262341
1405,4.08822059631348,4.09260569431814,4.09263233281506,4.09254218584309,4.09257403373298
1406,4.08828639984131,4.09260808752648,4.09263464238123,4.09254473440518,4.09257649825924
1407,4.08825969696045,4.09261047436012,4.09263694585552,4.09254727615304,4.09257895622228
1408,4.08809375762939,4.0926128548384,4.09263924325617,4.09254981110759,4.09258140764212
1409,4.08821868896484,4.09261522898062,4.09264153460137,4.09255233928969,4.09258385253871
1410,4.08822679519653,4.09261759680599,4.09264381990922,4.09255486072011,4.09258629093191
1411,4.08821773529053,4.09261995833366,4.09264609919779,4.09255737541954,4.09258872284152
1412,4.08815431594849,4.09262231358269,4.09264837248503,4.09255988340861,4.09259114828726
1413,4.08827781677246,4.09262466257208,4.09265063978888,4.09256238470785,4.09259356728877
1414,4.08827781677246,4.09262700532077,4.09265290112719,4.09256487933772,4.09259597986563
1415,4.08820295333862,4.09262934184761,4.09265515651773,4.0925673673186,4.09259838603734
1416,4.08810234069824,4.0926316721714,4.09265740597824,4.0925698486708,4.09260078582332
1417,4.0883092880249,4.09263399631084,4.09265964952635,4.09257232341455,4.09260317924292
1418,4.08830213546753,4.09263631428461,4.09266188717968,4.09257479157,4.09260556631544
1419,4.08814907073975,4.09263862611126,4.09266411895573,4.09257725315723,4.09260794706006
1420,4.0881290435791,4.09264093180933,4.09266634487199,4.09257970819624,4.09261032149594
1421,4.08828210830688,4.09264323139724,4.09266856494584,4.09258215670695,4.09261268964213
1422,4.08829784393311,4.09264552489339,4.09267077919463,4.09258459870922,4.09261505151764
1423,4.08825445175171,4.09264781231607,4.09267298763563,4.09258703422282,4.09261740714139
1424,4.08823680877686,4.09265009368352,4.09267519028605,4.09258946326747,4.09261975653223
1425,4.08822727203369,4.09265236901394,4.09267738716305,4.09259188586278,4.09262209970894
1426,4.08838653564453,4.09265463832541,4.0926795782837,4.0925943020283,4.09262443669025
1427,4.08823251724243,4.09265690163598,4.09268176366504,4.09259671178354,4.09262676749479
1428,4.08824586868286,4.09265915896362,4.09268394332403,4.09259911514788,4.09262909214114
1429,4.08828639984131,4.09266141032625,4.09268611727758,4.09260151214068,4.09263141064782
1430,4.08816146850586,4.09266365574171,4.09268828554253,4.09260390278119,4.09263372303325
1431,4.08814764022827,4.09266589522777,4.09269044813566,4.09260628708861,4.09263602931582
1432,4.08829021453857,4.09266812880216,4.09269260507369,4.09260866508207,4.09263832951382
1433,4.08829784393311,4.0926703564825,4.09269475637329,4.09261103678061,4.09264062364549
1434,4.08826303482056,4.0926725782864,4.09269690205106,4.09261340220321,4.092642911729
1435,4.08824157714844,4.09267479423138,4.09269904212353,4.09261576136878,4.09264519378245
1436,4.08815336227417,4.09267700433488,4.09270117660721,4.09261811429617,4.09264746982389
1437,4.08824491500854,4.0926792086143,4.09270330551851,4.09262046100414,4.09264973987127
1438,4.08834028244019,4.09268140708698,4.0927054288738,4.0926228015114,4.0926520039425
1439,4.08819198608398,4.09268359977017,4.09270754668938,4.09262513583658,4.09265426205543
1440,4.08823251724243,4.09268578668109,4.09270965898151,4.09262746399824,4.09265651422782
1441,4.08827114105225,4.09268796783687,4.09271176576638,4.09262978601487,4.09265876047739
1442,4.08833503723145,4.0926901432546,4.09271386706012,4.09263210190491,4.09266100082178
1443,4.08824586868286,4.0926923129513,4.09271596287882,4.0926344116867,4.09266323527857
1444,4.08831787109375,4.09269447694392,4.09271805323848,4.09263671537856,4.09266546386527
1445,4.08829975128174,4.09269663524935,4.09272013815508,4.09263901299869,4.09266768659934
1446,4.08817720413208,4.09269878788444,4.09272221764453,4.09264130456526,4.09266990349816
1447,4.08833074569702,4.09270093486596,4.09272429172266,4.09264359009635,4.09267211457907
1448,4.08829593658447,4.09270307621061,4.09272636040529,4.09264586961,4.09267431985932
1449,4.08829593658447,4.09270521193507,4.09272842370814,4.09264814312416,4.09267651935612
1450,4.08828115463257,4.09270734205592,4.0927304816469,4.09265041065673,4.09267871308659
1451,4.08815622329712,4.09270946658969,4.09273253423721,4.09265267222552,4.09268090106783
1452,4.08817958831787,4.09271158555286,4.09273458149462,4.09265492784832,4.09268308331684
1453,4.0883412361145,4.09271369896185,4.09273662343466,4.09265717754282,4.09268525985057
1454,4.08847332000732,4.09271580683303,4.0927386600728,4.09265942132664,4.09268743068592
1455,4.08825445175171,4.09271790918267,4.09274069142444,4.09266165921736,4.09268959583973
1456,4.08835792541504,4.09272000602704,4.09274271750493,4.0926638912325,4.09269175532875
1457,4.08833503723145,4.0927220973823,4.09274473832959,4.09266611738948,4.0926939091697
1458,4.08824729919434,4.0927241832646,4.09274675391366,4.09266833770569,4.09269605737924
1459,4.08835792541504,4.09272626369,4.09274876427233,4.09267055219845,4.09269819997395
1460,4.08826923370361,4.0927283386745,4.09275076942074,4.09267276088501,4.09270033697035
1461,4.08832931518555,4.09273040823407,4.09275276937399,4.09267496378257,4.09270246838494
1462,4.08830499649048,4.09273247238459,4.09275476414711,4.09267716090825,4.09270459423411
1463,4.0882682800293,4.09273453114193,4.09275675375508,4.09267935227912,4.09270671453423
1464,4.08823680877686,4.09273658452185,4.09275873821283,4.09268153791219,4.09270882930158
1465,4.08841514587402,4.09273863254009,4.09276071753525,4.09268371782441,4.09271093855241
1466,4.08831691741943,4.09274067521233,4.09276269173716,4.09268589203265,4.0927130423029
1467,4.08841705322266,4.09274271255418,4.09276466083334,4.09268806055375,4.09271514056917
1468,4.08831071853638,4.09274474458121,4.09276662483851,4.09269022340447,4.09271723336728
1469,4.08818054199219,4.09274677130893,4.09276858376734,4.0926923806015,4.09271932071324
1470,4.08819961547852,4.09274879275278,4.09277053763447,4.0926945321615,4.09272140262301
1471,4.08835935592651,4.09275080892818,4.09277248645446,4.09269667810105,4.09272347911248
1472,4.0883150100708,4.09275281985047,4.09277443024183,4.09269881843667,4.09272555019749
1473,4.08838033676147,4.09275482553493,4.09277636901106,4.09270095318483,4.09272761589381
1474,4.08853530883789,4.09275682599682,4.09277830277657,4.09270308236194,4.09272967621719
1475,4.0883846282959,4.09275882125131,4.09278023155273,4.09270520598435,4.09273173118328
1476,4.08832502365112,4.09276081131353,4.09278215535386,4.09270732406834,4.09273378080771
1477,4.08831977844238,4.09276279619857,4.09278407419424,4.09270943663015,4.09273582510603
1478,4.0883641242981,4.09276477592145,4.09278598808809,4.09271154368595,4.09273786409375
1479,4.08833885192871,4.09276675049715,4.09278789704959,4.09271364525187,4.09273989778632
1480,4.08841514587402,4.09276871994058,4.09278980109287,4.09271574134396,4.09274192619914
1481,4.08830118179321,4.09277068426662,4.09279170023199,4.09271783197822,4.09274394934756
1482,4.08831167221069,4.09277264349009,4.092793594481,4.09271991717061,4.09274596724685
1483,4.08834743499756,4.09277459762575,4.09279548385388,4.09272199693701,4.09274797991227
1484,4.08831262588501,4.09277654668831,4.09279736836455,4.09272407129326,4.09274998735898
1485,4.08838367462158,4.09277849069245,4.09279924802691,4.09272614025513,4.09275198960213
1486,4.08838319778442,4.09278042965277,4.0928011228548,4.09272820383835,4.09275398665677
1487,4.08833074569702,4.09278236358383,4.09280299286201,4.09273026205859,4.09275597853795
1488,4.08828401565552,4.09278429250016,4.09280485806228,4.09273231493146,4.09275796526062
1489,4.08836841583252,4.09278621641621,4.09280671846931,4.09273436247251,4.09275994683972
1490,4.08835363388062,4.09278813534639,4.09280857409676,4.09273640469726,4.09276192329009
1491,4.08837366104126,4.09279004930506,4.09281042495823,4.09273844162113,4.09276389462658
1492,4.08840894699097,4.09279195830655,4.09281227106727,4.09274047325954,4.09276586086392
1493,4.08830308914185,4.0927938623651,4.09281411243741,4.09274249962783,4.09276782201684
1494,4.08835792541504,4.09279576149495,4.09281594908211,4.09274452074126,4.0927697781
1495,4.08825254440308,4.09279765571024,4.09281778101478,4.09274653661509,4.09277172912801
1496,4.08832025527954,4.0927995450251,4.09281960824882,4.0927485472645,4.09277367511543
1497,4.08833169937134,4.0928014294536,4.09282143079755,4.09275055270459,4.09277561607677
1498,4.08839511871338,4.09280330900975,4.09282324867425,4.09275255295046,4.09277755202649
1499,4.08833789825439,4.09280518370753,4.09282506189217,4.09275454801713,4.092779482979
1500,4.08841943740845,4.09280705356087,4.0928268704645,4.09275653791955,4.09278140894865
1501,4.0883641242981,4.09280891858363,4.09282867440439,4.09275852267266,4.09278332994977
1502,4.08835172653198,4.09281077878965,4.09283047372497,4.09276050229131,4.0927852459966
1503,4.08838891983032,4.09281263419271,4.09283226843928,4.09276247679032,4.09278715710336
1504,4.08836650848389,4.09281448480654,4.09283405856034,4.09276444618446,4.09278906328422
1505,4.08831882476807,4.09281633064483,4.09283584410114,4.09276641048842,4.09279096455329
1506,4.0883412361145,4.09281817172123,4.09283762507461,4.09276836971688,4.09279286092464
1507,4.08838653564453,4.09282000804933,4.09283940149363,4.09277032388445,4.09279475241227
1508,4.08843946456909,4.09282183964267,4.09284117337106,4.09277227300568,4.09279663903018
1509,4.08837604522705,4.09282366651477,4.09284294071969,4.09277421709507,4.09279852079226
1510,4.08831167221069,4.09282548867906,4.09284470355229,4.0927761561671,4.0928003977124
1511,4.08823108673096,4.09282730614898,4.09284646188157,4.09277809023617,4.09280226980443
1512,4.08832025527954,4.09282911893788,4.09284821572022,4.09278001931663,4.09280413708213
1513,4.08836126327515,4.09283092705908,4.09284996508086,4.09278194342281,4.09280599955922
1514,4.08826589584351,4.09283273052586,4.09285170997608,4.09278386256896,4.0928078572494
1515,4.08840560913086,4.09283452935145,4.09285345041843,4.09278577676929,4.09280971016631
1516,4.08841323852539,4.09283632354903,4.09285518642043,4.09278768603796,4.09281155832352
1517,4.08829879760742,4.09283811313176,4.09285691799453,4.0927895903891,4.09281340173461
1518,4.08843851089478,4.09283989811271,4.09285864515317,4.09279148983676,4.09281524041306
1519,4.08847713470459,4.09284167850496,4.09286036790872,4.09279338439497,4.09281707437232
1520,4.08825874328613,4.09284345432149,4.09286208627353,4.09279527407769,4.09281890362582
1521,4.08830404281616,4.09284522557529,4.0928638002599,4.09279715889885,4.09282072818691
1522,4.0883960723877,4.09284699227927,4.09286550988008,4.09279903887232,4.09282254806891
1523,4.08823776245117,4.09284875444631,4.09286721514631,4.09280091401193,4.09282436328509
1524,4.08843612670898,4.09285051208925,4.09286891607076,4.09280278433147,4.0928261738487
1525,4.08833599090576,4.09285226522087,4.09287061266556,4.09280464984466,4.09282797977289
1526,4.08836889266968,4.09285401385393,4.09287230494283,4.09280651056519,4.09282978107083
1527,4.08841609954834,4.09285575800114,4.09287399291461,4.09280836650671,4.0928315777556
1528,4.08848905563354,4.09285749767515,4.09287567659293,4.0928102176828,4.09283336984026
1529,4.08839082717896,4.0928592328886,4.09287735598977,4.09281206410702,4.09283515733781
1530,4.08834314346313,4.09286096365406,4.09287903111707,4.09281390579287,4.09283694026121
1531,4.08838844299316,4.09286268998407,4.09288070198674,4.0928157427538,4.0928387186234
1532,4.08843088150024,4.09286441189111,4.09288236861063,4.09281757500323,4.09284049243724
1533,4.08845615386963,4.09286612938766,4.09288403100057,4.09281940255452,4.09284226171556
1534,4.08843946456909,4.09286784248613,4.09288568916834,4.09282122542099,4.09284402647117
1535,4.08838891983032,4.09286955119887,4.09288734312569,4.09282304361592,4.0928457867168
1536,4.08834457397461,4.09287125553823,4.09288899288434,4.09282485715254,4.09284754246516
1537,4.08843517303467,4.0928729555165,4.09289063845594,4.09282666604404,4.09284929372892
1538,4.08844137191772,4.09287465114592,4.09289227985213,4.09282847030356,4.0928510405207
1539,4.08844375610352,4.0928763424387,4.09289391708451,4.09283026994419,4.09285278285308
1540,4.08835935592651,4.09287802940702,4.09289555016463,4.09283206497899,4.09285452073858
1541,4.0883960723877,4.09287971206299,4.09289717910401,4.09283385542097,4.09285625418972
1542,4.08838367462158,4.09288139041871,4.09289880391413,4.0928356412831,4.09285798321893
1543,4.08843183517456,4.09288306448623,4.09290042460644,4.0928374225783,4.09285970783864
1544,4.08838033676147,4.09288473427755,4.09290204119234,4.09283919931945,4.09286142806121
1545,4.08847522735596,4.09288639980465,4.09290365368319,4.09284097151939,4.09286314389897
1546,4.08832216262817,4.09288806107945,4.09290526209035,4.0928427391909,4.09286485536422
1547,4.08827972412109,4.09288971811384,4.09290686642509,4.09284450234675,4.0928665624692
1548,4.08835506439209,4.09289137091967,4.09290846669868,4.09284626099964,4.09286826522612
1549,4.08840131759644,4.09289301950877,4.09291006292233,4.09284801516223,4.09286996364715
1550,4.08839702606201,4.09289466389289,4.09291165510725,4.09284976484716,4.09287165774442
1551,4.08838224411011,4.09289630408377,4.09291324326458,4.092851510067,4.09287334753
1552,4.08848142623901,4.09289794009312,4.09291482740543,4.09285325083429,4.09287503301596
1553,4.08841180801392,4.09289957193258,4.09291640754088,4.09285498716154,4.09287671421429
1554,4.08831453323364,4.09290119961379,4.09291798368197,4.09285671906119,4.09287839113696
1555,4.08838558197021,4.09290282314831,4.09291955583971,4.09285844654567,4.09288006379592
1556,4.08841943740845,4.09290444254771,4.09292112402508,4.09286016962736,4.09288173220303
1557,4.08842134475708,4.09290605782347,4.09292268824901,4.09286188831857,4.09288339637016
1558,4.0883994102478,4.09290766898708,4.09292424852239,4.09286360263162,4.09288505630912
1559,4.08843851089478,4.09290927604996,4.09292580485611,4.09286531257874,4.09288671203167
1560,4.08843803405762,4.0929108790235,4.09292735726099,4.09286701817215,4.09288836354956
1561,4.08838891983032,4.09291247791908,4.09292890574781,4.09286871942402,4.09289001087448
1562,4.08845233917236,4.09291407274799,4.09293045032736,4.09287041634649,4.09289165401809
1563,4.08838987350464,4.09291566352154,4.09293199101036,4.09287210895165,4.09289329299201
1564,4.08841514587402,4.09291725025097,4.09293352780749,4.09287379725155,4.09289492780781
1565,4.08860635757446,4.09291883294748,4.09293506072943,4.09287548125819,4.09289655847705
1566,4.08846664428711,4.09292041162225,4.09293658978679,4.09287716098356,4.09289818501123
1567,4.08840370178223,4.09292198628643,4.09293811499016,4.09287883643958,4.09289980742181
1568,4.08828544616699,4.0929235569511,4.09293963635011,4.09288050763816,4.09290142572024
1569,4.08830308914185,4.09292512362735,4.09294115387715,4.09288217459114,4.0929030399179
1570,4.08839082717896,4.0929266863262,4.09294266758178,4.09288383731034,4.09290465002616
1571,4.08840227127075,4.09292824505864,4.09294417747446,4.09288549580754,4.09290625605632
1572,4.08847618103027,4.09292979983564,4.0929456835656,4.09288715009448,4.09290785801969
1573,4.08838891983032,4.09293135066811,4.09294718586561,4.09288880018287,4.09290945592749
1574,4.08858108520508,4.09293289756696,4.09294868438483,4.09289044608435,4.09291104979096
1575,4.08831787109375,4.09293444054302,4.09295017913359,4.09289208781057,4.09291263962124
1576,4.08847618103027,4.09293597960714,4.09295167012219,4.09289372537309,4.0929142254295
1577,4.08838748931885,4.09293751477007,4.09295315736088,4.09289535878348,4.09291580722683
1578,4.08843517303467,4.09293904604258,4.0929546408599,4.09289698805325,4.0929173850243
1579,4.0882568359375,4.09294057343538,4.09295612062943,4.09289861319387,4.09291895883293
1580,4.08850717544556,4.09294209695916,4.09295759667964,4.09290023421677,4.09292052866372
1581,4.08838891983032,4.09294361662456,4.09295906902066,4.09290185113336,4.09292209452764
1582,4.08845949172974,4.09294513244219,4.09296053766259,4.092903463955,4.0929236564356
1583,4.08852624893188,4.09294664442264,4.09296200261549,4.09290507269301,4.0929252143985
1584,4.08846664428711,4.09294815257644,4.0929634638894,4.09290667735868,4.0929267684272
1585,4.08851003646851,4.09294965691411,4.09296492149432,4.09290827796328,4.0929283185325
1586,4.08841180801392,4.09295115744612,4.09296637544024,4.092909874518,4.0929298647252
1587,4.08844232559204,4.09295265418293,4.09296782573707,4.09291146703405,4.09293140701605
1588,4.08834314346313,4.09295414713494,4.09296927239475,4.09291305552254,4.09293294541575
1589,4.08850193023682,4.09295563631254,4.09297071542313,4.0929146399946,4.09293447993501
1590,4.0884370803833,4.09295712172606,4.09297215483208,4.09291622046131,4.09293601058445
1591,4.08837366104126,4.09295860338582,4.09297359063141,4.09291779693368,4.0929375373747
1592,4.08836841583252,4.0929600813021,4.0929750228309,4.09291936942273,4.09293906031634
1593,4.08847236633301,4.09296155548515,4.0929764514403,4.09292093793943,4.0929405794199
1594,4.08844041824341,4.09296302594517,4.09297787646936,4.09292250249469,4.09294209469591
1595,4.0885534286499,4.09296449269236,4.09297929792775,4.09292406309943,4.09294360615484
1596,4.08844995498657,4.09296595573687,4.09298071582514,4.09292561976449,4.09294511380713
1597,4.08843803405762,4.0929674150888,4.09298213017117,4.0929271725007,4.09294661766321
1598,4.08844232559204,4.09296887075826,4.09298354097544,4.09292872131887,4.09294811773344
1599,4.08852052688599,4.09297032275528,4.09298494824752,4.09293026622973,4.09294961402818
1600,4.08853101730347,4.09297177108991,4.09298635199696,4.09293180724402,4.09295110655773
1601,4.08853149414062,4.09297321577211,4.09298775223327,4.09293334437242,4.09295259533239
1602,4.0883264541626,4.09297465681186,4.09298914896594,4.09293487762558,4.09295408036239
1603,4.08846139907837,4.09297609421908,4.09299054220442,4.09293640701414,4.09295556165796
1604,4.08850717544556,4.09297752800367,4.09299193195814,4.09293793254866,4.09295703922926
1605,4.08843612670898,4.0929789581755,4.0929933182365,4.0929394542397,4.09295851308647
1606,4.08838319778442,4.09298038474439,4.09299470104886,4.09294097209779,4.09295998323969
1607,4.08860445022583,4.09298180772016,4.09299608040456,4.09294248613341,4.09296144969901
1608,4.08841276168823,4.09298322711258,4.09299745631291,4.09294399635701,4.09296291247449
1609,4.08854103088379,4.09298464293139,4.0929988287832,4.09294550277901,4.09296437157616
1610,4.08838891983032,4.09298605518629,4.09300019782467,4.09294700540979,4.09296582701399
1611,4.08849096298218,4.09298746388698,4.09300156344655,4.09294850425971,4.09296727879796
1612,4.08837080001831,4.09298886904311,4.09300292565803,4.09294999933908,4.09296872693799
1613,4.08842897415161,4.09299027066428,4.09300428446829,4.0929514906582,4.09297017144399
1614,4.08838844299316,4.09299166876011,4.09300563988645,4.09295297822732,4.09297161232581
1615,4.08843612670898,4.09299306334014,4.09300699192164,4.09295446205666,4.09297304959329
1616,4.08853435516357,4.09299445441391,4.09300834058292,4.09295594215641,4.09297448325625
1617,4.08850145339966,4.09299584199093,4.09300968587937,4.09295741853674,4.09297591332444
1618,4.08846998214722,4.09299722608065,4.09301102782,4.09295889120775,4.09297733980763
1619,4.08851766586304,4.09299860669253,4.09301236641381,4.09296036017956,4.09297876271552
1620,4.08851766586304,4.09299998383598,4.09301370166978,4.09296182546222,4.09298018205779
1621,4.08857250213623,4.09300135752038,4.09301503359684,4.09296328706576,4.09298159784409
1622,4.08854818344116,4.09300272775509,4.09301636220392,4.09296474500018,4.09298301008406
1623,4.08851099014282,4.09300409454943,4.0930176874999,4.09296619927545,4.09298441878728
1624,4.0883960723877,4.0930054579127,4.09301900949365,4.09296764990151,4.09298582396331
1625,4.08846807479858,4.09300681785416,4.093020328194,4.09296909688826,4.09298722562169
1626,4.08844232559204,4.09300817438307,4.09302164360976,4.09297054024557,4.09298862377192
1627,4.08848714828491,4.09300952750862,4.0930229557497,4.09297197998329,4.09299001842347
1628,4.08846569061279,4.09301087724001,4.09302426462259,4.09297341611122,4.0929914095858
1629,4.088454246521,4.09301222358637,4.09302557023715,4.09297484863916,4.09299279726831
1630,4.08845186233521,4.09301356655685,4.09302687260209,4.09297627757685,4.09299418148038
1631,4.08843851089478,4.09301490616054,4.09302817172606,4.09297770293402,4.09299556223138
1632,4.08849763870239,4.0930162424065,4.09302946761774,4.09297912472035,4.09299693953064
1633,4.08853769302368,4.09301757530378,4.09303076028573,4.0929805429455,4.09299831338744
1634,4.08857774734497,4.0930189048614,4.09303204973863,4.0929819576191,4.09299968381107
1635,4.08841800689697,4.09302023108833,4.09303333598501,4.09298336875076,4.09300105081076
1636,4.0884108543396,4.09302155399354,4.09303461903341,4.09298477635004,4.09300241439573
1637,4.08845853805542,4.09302287358596,4.09303589889235,4.09298618042648,4.09300377457516
1638,4.08848810195923,4.09302418987449,4.09303717557033,4.0929875809896,4.0930051313582
1639,4.08847618103027,4.093025502868,4.09303844907581,4.09298897804888,4.09300648475399
1640,4.08846378326416,4.09302681257535,4.09303971941722,4.09299037161376,4.09300783477162
1641,4.08843803405762,4.09302811900536,4.09304098660299,4.09299176169367,4.09300918142017
1642,4.08843421936035,4.09302942216683,4.09304225064149,4.092993148298,4.09301052470867
1643,4.08840847015381,4.09303072206851,4.09304351154111,4.09299453143612,4.09301186464615
1644,4.08855247497559,4.09303201871915,4.09304476931017,4.09299591111736,4.09301320124159
1645,4.08858728408813,4.09303331212747,4.09304602395699,4.09299728735103,4.09301453450395
1646,4.08851623535156,4.09303460230216,4.09304727548986,4.09299866014641,4.09301586444217
1647,4.08855247497559,4.09303588925187,4.09304852391703,4.09300002951274,4.09301719106515
1648,4.0884575843811,4.09303717298523,4.09304976924676,4.09300139545924,4.09301851438177
1649,4.08858633041382,4.09303845351087,4.09305101148724,4.09300275799512,4.09301983440088
1650,4.08855247497559,4.09303973083736,4.09305225064668,4.09300411712952,4.09302115113131
1651,4.08855056762695,4.09304100497325,4.09305348673324,4.09300547287159,4.09302246458184
1652,4.08859062194824,4.09304227592708,4.09305471975505,4.09300682523043,4.09302377476126
1653,4.08848142623901,4.09304354370735,4.09305594972023,4.09300817421512,4.09302508167831
1654,4.08857536315918,4.09304480832254,4.09305717663687,4.09300951983472,4.0930263853417
1655,4.08856534957886,4.0930460697811,4.09305840051305,4.09301086209824,4.09302768576012
1656,4.0885534286499,4.09304732809146,4.09305962135679,4.09301220101469,4.09302898294223
1657,4.08848571777344,4.09304858326202,4.09306083917612,4.09301353659303,4.09303027689668
1658,4.08850479125977,4.09304983530116,4.09306205397904,4.0930148688422,4.09303156763208
1659,4.08835077285767,4.09305108421722,4.09306326577352,4.09301619777112,4.093032855157
1660,4.08861351013184,4.09305233001854,4.09306447456749,4.09301752338867,4.09303413948001
1661,4.08860015869141,4.09305357271341,4.0930656803689,4.0930188457037,4.09303542060964
1662,4.08844041824341,4.0930548123101,4.09306688318562,4.09302016472507,4.0930366985544
1663,4.08844995498657,4.09305604881688,4.09306808302555,4.09302148046156,4.09303797332277
1664,4.08851003646851,4.09305728224195,4.09306927989654,4.09302279292195,4.0930392449232
1665,4.08846282958984,4.09305851259353,4.0930704738064,4.09302410211501,4.09304051336412
1666,4.08849954605103,4.09305973987979,4.09307166476295,4.09302540804944,4.09304177865394
1667,4.08849859237671,4.09306096410888,4.09307285277398,4.09302671073396,4.09304304080104
1668,4.08857345581055,4.09306218528893,4.09307403784723,4.09302801017722,4.09304429981376
1669,4.08851671218872,4.09306340342804,4.09307521999045,4.09302930638788,4.09304555570045
1670,4.08851099014282,4.09306461853428,4.09307639921135,4.09303059937456,4.0930468084694
1671,4.08855581283569,4.09306583061572,4.09307757551762,4.09303188914585,4.09304805812888
1672,4.08849334716797,4.09306703968037,4.09307874891693,4.09303317571031,4.09304930468716
1673,4.08844804763794,4.09306824573625,4.09307991941693,4.09303445907649,4.09305054815245
1674,4.08837699890137,4.09306944879133,4.09308108702522,4.0930357392529,4.09305178853297
1675,4.08847427368164,4.09307064885358,4.09308225174942,4.09303701624803,4.0930530258369
1676,4.08854722976685,4.09307184593093,4.09308341359711,4.09303829007034,4.09305426007237
1677,4.08836555480957,4.09307304003128,4.09308457257583,4.09303956072827,4.09305549124754
1678,4.08854293823242,4.09307423116253,4.09308572869312,4.09304082823024,4.0930567193705
1679,4.08847093582153,4.09307541933253,4.09308688195649,4.09304209258463,4.09305794444932
1680,4.08850383758545,4.09307660454913,4.09308803237343,4.09304335379979,4.09305916649208
1681,4.08846139907837,4.09307778682013,4.0930891799514,4.09304461188408,4.09306038550679
1682,4.08860635757446,4.09307896615334,4.09309032469785,4.0930458668458,4.09306160150148
1683,4.08862972259521,4.09308014255653,4.0930914666202,4.09304711869323,4.09306281448412
1684,4.08851146697998,4.09308131603743,4.09309260572585,4.09304836743463,4.09306402446267
1685,4.08856201171875,4.09308248660377,4.09309374202217,4.09304961307825,4.09306523144508
1686,4.08850479125977,4.09308365426325,4.09309487551654,4.09305085563229,4.09306643543925
1687,4.08857250213623,4.09308481902355,4.09309600621627,4.09305209510495,4.09306763645307
1688,4.08846807479858,4.09308598089232,4.09309713412869,4.09305333150437,4.09306883449442
1689,4.08855438232422,4.0930871398772,4.09309825926108,4.09305456483871,4.09307002957112
1690,4.08855676651001,4.09308829598579,4.09309938162072,4.09305579511607,4.093071221691
1691,4.08858823776245,4.09308944922568,4.09310050121486,4.09305702234455,4.09307241086187
1692,4.08852386474609,4.09309059960443,4.09310161805072,4.0930582465322,4.09307359709148
1693,4.08850288391113,4.09309174712958,4.09310273213551,4.09305946768708,4.09307478038759
1694,4.08850193023682,4.09309289180866,4.09310384347642,4.09306068581718,4.09307596075792
1695,4.08846282958984,4.09309403364916,4.09310495208061,4.09306190093052,4.09307713821018
1696,4.08853578567505,4.09309517265855,4.09310605795523,4.09306311303505,4.09307831275205
1697,4.08853769302368,4.09309630884429,4.0931071611074,4.09306432213873,4.09307948439119
1698,4.0885214805603,4.0930974422138,4.09310826154421,4.09306552824947,4.09308065313523
1699,4.08852386474609,4.09309857277451,4.09310935927277,4.09306673137517,4.09308181899178
1700,4.08856105804443,4.09309970053378,4.09311045430011,4.0930679315237,4.09308298196844
1701,4.08856201171875,4.093100825499,4.09311154663329,4.09306912870292,4.09308414207277
1702,4.08851957321167,4.09310194767749,4.09311263627932,4.09307032292065,4.09308529931231
1703,4.08854198455811,4.09310306707659,4.09311372324521,4.0930715141847,4.0930864536946
1704,4.0885066986084,4.09310418370359,4.09311480753792,4.09307270250285,4.09308760522712
1705,4.08860540390015,4.09310529756577,4.09311588916443,4.09307388788285,4.09308875391736
1706,4.08856105804443,4.09310640867039,4.09311696813167,4.09307507033245,4.09308989977278
1707,4.08850717544556,4.09310751702468,4.09311804444655,4.09307624985934,4.0930910428008
1708,4.08851146697998,4.09310862263587,4.09311911811598,4.09307742647122,4.09309218300885
1709,4.08857440948486,4.09310972551113,4.09312018914683,4.09307860017577,4.09309332040431
1710,4.08858489990234,4.09311082565766,4.09312125754597,4.09307977098061,4.09309445499455
1711,4.08860111236572,4.09311192308258,4.09312232332023,4.09308093889337,4.09309558678691
1712,4.08850383758545,4.09311301779305,4.09312338647642,4.09308210392165,4.09309671578873
1713,4.08849668502808,4.09311410979616,4.09312444702136,4.09308326607302,4.0930978420073
1714,4.08851766586304,4.093115199099,4.09312550496181,4.09308442535504,4.09309896544992
1715,4.08849954605103,4.09311628570865,4.09312656030454,4.09308558177524,4.09310008612383
1716,4.08862638473511,4.09311736963215,4.09312761305628,4.09308673534114,4.09310120403629
1717,4.08861351013184,4.09311845087652,4.09312866322376,4.0930878860602,4.0931023191945
1718,4.08847761154175,4.09311952944878,4.09312971081369,4.0930890339399,4.09310343160567
1719,4.08855867385864,4.09312060535591,4.09313075583273,4.09309017898768,4.09310454127698
1720,4.08857250213623,4.09312167860487,4.09313179828755,4.09309132121097,4.09310564821557
1721,4.08854722976685,4.09312274920261,4.0931328381848,4.09309246061715,4.09310675242858
1722,4.08868741989136,4.09312381715605,4.0931338755311,4.09309359721362,4.09310785392314
1723,4.08854579925537,4.09312488247211,4.09313491033306,4.09309473100772,4.09310895270632
1724,4.08860921859741,4.09312594515765,4.09313594259726,4.09309586200678,4.0931100487852
1725,4.08858489990234,4.09312700521956,4.09313697233026,4.09309699021813,4.09311114216684
1726,4.08861351013184,4.09312806266467,4.09313799953863,4.09309811564904,4.09311223285826
1727,4.08857154846191,4.09312911749981,4.09313902422888,4.0930992383068,4.09311332086647
1728,4.08848905563354,4.09313016973177,4.09314004640753,4.09310035819864,4.09311440619847
1729,4.08853769302368,4.09313121936736,4.09314106608107,4.0931014753318,4.09311548886122
1730,4.08854913711548,4.09313226641333,4.09314208325597,4.09310258971347,4.09311656886168
1731,4.08857250213623,4.09313331087643,4.09314309793869,4.09310370135086,4.09311764620677
1732,4.08854055404663,4.09313435276339,4.09314411013567,4.09310481025111,4.0931187209034
1733,4.08862924575806,4.09313539208091,4.09314511985331,4.09310591642138,4.09311979295847
1734,4.08851623535156,4.09313642883567,4.09314612709803,4.09310701986878,4.09312086237883
1735,4.08861494064331,4.09313746303436,4.09314713187621,4.09310812060041,4.09312192917134
1736,4.08860111236572,4.09313849468362,4.0931481341942,4.09310921862336,4.09312299334283
1737,4.0885272026062,4.09313952379007,4.09314913405835,4.09311031394469,4.09312405490011
1738,4.08857345581055,4.09314055036033,4.09315013147499,4.09311140657143,4.09312511384997
1739,4.08858919143677,4.09314157440099,4.09315112645043,4.0931124965106,4.09312617019918
1740,4.08859348297119,4.09314259591862,4.09315211899095,4.09311358376921,4.09312722395448
1741,4.08863687515259,4.09314361491978,4.09315310910284,4.09311466835422,4.09312827512261
1742,4.08850145339966,4.093144631411,4.09315409679234,4.0931157502726,4.09312932371028
1743,4.08847856521606,4.09314564539879,4.09315508206569,4.09311682953129,4.09313036972419
1744,4.08851623535156,4.09314665688966,4.09315606492912,4.0931179061372,4.093131413171
1745,4.08863162994385,4.09314766589007,4.09315704538882,4.09311898009723,4.09313245405737
1746,4.08858919143677,4.0931486724065,4.09315802345098,4.09312005141826,4.09313349238993
1747,4.08863162994385,4.09314967644538,4.09315899912176,4.09312112010714,4.0931345281753
1748,4.08849954605103,4.09315067801314,4.09315997240731,4.09312218617071,4.09313556142008
1749,4.08862924575806,4.09315167711618,4.09316094331377,4.09312324961579,4.09313659213085
1750,4.08862400054932,4.09315267376088,4.09316191184725,4.09312431044918,4.09313762031415
1751,4.08857774734497,4.09315366795362,4.09316287801385,4.09312536867766,4.09313864597653
1752,4.08856630325317,4.09315465970073,4.09316384181963,4.09312642430798,4.09313966912451
1753,4.08863687515259,4.09315564900857,4.09316480327068,4.09312747734688,4.0931406897646
1754,4.08860206604004,4.09315663588342,4.09316576237303,4.09312852780109,4.09314170790327
1755,4.08864736557007,4.09315762033161,4.09316671913271,4.09312957567731,4.09314272354699
1756,4.08859157562256,4.09315860235939,4.09316767355573,4.0931306209822,4.09314373670221
1757,4.08854722976685,4.09315958197303,4.09316862564809,4.09313166372245,4.09314474737536
1758,4.08851099014282,4.09316055917876,4.09316957541575,4.09313270390468,4.09314575557284
1759,4.08856391906738,4.09316153398283,4.09317052286469,4.09313374153553,4.09314676130104
1760,4.08860301971436,4.09316250639142,4.09317146800085,4.0931347766216,4.09314776456634
1761,4.08873176574707,4.09316347641073,4.09317241083015,4.09313580916946,4.09314876537509
1762,4.08866024017334,4.09316444404692,4.09317335135849,4.0931368391857,4.09314976373364
1763,4.08860015869141,4.09316540930615,4.09317428959179,4.09313786667686,4.09315075964828
1764,4.08859062194824,4.09316637219456,4.09317522553591,4.09313889164946,4.09315175312534
1765,4.08862400054932,4.09316733271827,4.0931761591967,4.09313991411002,4.09315274417108
1766,4.08848667144775,4.09316829088336,4.09317709058002,4.09314093406502,4.09315373279178
1767,4.08856391906738,4.09316924669593,4.0931780196917,4.09314195152094,4.09315471899367
1768,4.08859157562256,4.09317020016205,4.09317894653754,4.09314296648425,4.093155702783
1769,4.08855533599854,4.09317115128775,4.09317987112333,4.09314397896136,4.09315668416596
1770,4.08866357803345,4.09317210007908,4.09318079345486,4.0931449889587,4.09315766314876
1771,4.08856916427612,4.09317304654204,4.09318171353788,4.09314599648267,4.09315863973756
1772,4.088623046875,4.09317399068264,4.09318263137815,4.09314700153964,4.09315961393853
1773,4.08859586715698,4.09317493250685,4.09318354698139,4.09314800413599,4.09316058575781
1774,4.08858728408813,4.09317587202063,4.09318446035331,4.09314900427806,4.09316155520151
1775,4.08864974975586,4.09317680922994,4.09318537149962,4.09315000197216,4.09316252227574
1776,4.0886378288269,4.09317774414071,4.09318628042599,4.09315099722461,4.09316348698661
1777,4.08850479125977,4.09317867675883,4.09318718713809,4.09315199004171,4.09316444934016
1778,4.0886664390564,4.09317960709022,4.09318809164157,4.09315298042972,4.09316540934246
1779,4.08871078491211,4.09318053514075,4.09318899394207,4.09315396839489,4.09316636699955
1780,4.08859586715698,4.09318146091629,4.0931898940452,4.09315495394347,4.09316732231745
1781,4.08848810195923,4.09318238442267,4.09319079195656,4.09315593708167,4.09316827530215
1782,4.08859062194824,4.09318330566574,4.09319168768174,4.0931569178157,4.09316922595964
1783,4.08866214752197,4.09318422465129,4.09319258122632,4.09315789615173,4.09317017429589
1784,4.08854484558105,4.09318514138514,4.09319347259583,4.09315887209593,4.09317112031686
1785,4.08866834640503,4.09318605587306,4.09319436179585,4.09315984565446,4.09317206402848
1786,4.08857536315918,4.09318696812081,4.09319524883187,4.09316081683344,4.09317300543666
1787,4.08857440948486,4.09318787813415,4.09319613370942,4.09316178563899,4.09317394454731
1788,4.08858823776245,4.0931887859188,4.09319701643398,4.09316275207721,4.09317488136632
1789,4.08854484558105,4.09318969148048,4.09319789701104,4.09316371615416,4.09317581589954
1790,4.08862924575806,4.09319059482489,4.09319877544606,4.09316467787592,4.09317674815284
1791,4.08862638473511,4.09319149595772,4.09319965174448,4.09316563724853,4.09317767813205
1792,4.08867931365967,4.09319239488463,4.09320052591174,4.09316659427802,4.09317860584298
1793,4.08863592147827,4.09319329161127,4.09320139795327,4.09316754897039,4.09317953129145
1794,4.08858728408813,4.09319418614328,4.09320226787445,4.09316850133165,4.09318045448323
1795,4.08868455886841,4.09319507848628,4.09320313568068,4.09316945136776,4.0931813754241
1796,4.08855676651001,4.09319596864588,4.09320400137733,4.09317039908469,4.09318229411981
1797,4.08850383758545,4.09319685662766,4.09320486496977,4.09317134448838,4.0931832105761
1798,4.08865165710449,4.09319774243719,4.09320572646332,4.09317228758476,4.09318412479869
1799,4.08856916427612,4.09319862608004,4.09320658586334,4.09317322837974,4.09318503679328
1800,4.08872365951538,4.09319950756174,4.09320744317511,4.0931741668792,4.09318594656556
1801,4.08851146697998,4.09320038688783,4.09320829840395,4.09317510308904,4.09318685412122
1802,4.08859252929688,4.09320126406381,4.09320915155514,4.0931760370151,4.0931877594659
1803,4.088538646698,4.09320213909518,4.09321000263395,4.09317696866322,4.09318866260524
1804,4.08866548538208,4.09320301198742,4.09321085164563,4.09317789803925,4.09318956354489
1805,4.0886378288269,4.09320388274599,4.09321169859543,4.09317882514898,4.09319046229043
1806,4.08863878250122,4.09320475137635,4.09321254348857,4.09317974999821,4.09319135884747
1807,4.08851957321167,4.09320561788392,4.09321338633026,4.09318067259271,4.09319225322159
1808,4.08862447738647,4.09320648227413,4.0932142271257,4.09318159293826,4.09319314541836
1809,4.08856821060181,4.09320734455239,4.09321506588008,4.0931825110406,4.09319403544331
1810,4.08858728408813,4.09320820472407,4.09321590259855,4.09318342690545,4.09319492330198
1811,4.08864641189575,4.09320906279456,4.09321673728629,4.09318434053853,4.09319580899989
1812,4.08864450454712,4.09320991876922,4.09321756994841,4.09318525194553,4.09319669254254
1813,4.08853673934937,4.09321077265338,4.09321840059007,4.09318616113214,4.09319757393542
1814,4.08871269226074,4.09321162445239,4.09321922921636,4.09318706810403,4.09319845318399
1815,4.08864402770996,4.09321247417154,4.09322005583237,4.09318797286683,4.09319933029372
1816,4.08860397338867,4.09321332181615,4.09322088044321,4.0931888754262,4.09320020527004
1817,4.08853244781494,4.0932141673915,4.09322170305393,4.09318977578774,4.09320107811838
1818,4.08858013153076,4.09321501090286,4.0932225236696,4.09319067395705,4.09320194884415
1819,4.08845710754395,4.09321585235548,4.09322334229525,4.09319156993973,4.09320281745274
1820,4.08872556686401,4.09321669175462,4.09322415893592,4.09319246374134,4.09320368394954
1821,4.08861351013184,4.09321752910548,4.09322497359661,4.09319335536745,4.09320454833991
1822,4.08852910995483,4.09321836441329,4.09322578628233,4.09319424482358,4.0932054106292
1823,4.08863067626953,4.09321919768325,4.09322659699806,4.09319513211527,4.09320627082275
1824,4.08869171142578,4.09322002892053,4.09322740574879,4.09319601724803,4.09320712892588
1825,4.08857345581055,4.09322085813031,4.09322821253947,4.09319690022734,4.09320798494389
1826,4.08866119384766,4.09322168531774,4.09322901737503,4.0931977810587,4.09320883888208
1827,4.08859014511108,4.09322251048796,4.09322982026043,4.09319865974755,4.09320969074572
1828,4.08860540390015,4.09322333364611,4.09323062120057,4.09319953629935,4.09321054054007
1829,4.08862113952637,4.09322415479728,4.09323142020037,4.09320041071954,4.09321138827039
1830,4.0884952545166,4.09322497394659,4.09323221726471,4.09320128301352,4.0932122339419
1831,4.08868360519409,4.09322579109911,4.09323301239847,4.09320215318671,4.09321307755983
1832,4.08879947662354,4.09322660625992,4.09323380560653,4.0932030212445,4.09321391912937
1833,4.08865785598755,4.09322741943406,4.09323459689372,4.09320388719224,4.09321475865573
1834,4.08860111236572,4.09322823062659,4.0932353862649,4.09320475103531,4.09321559614407
1835,4.08861255645752,4.09322903984253,4.09323617372488,4.09320561277905,4.09321643159955
1836,4.08868885040283,4.09322984708689,4.09323695927848,4.09320647242879,4.09321726502734
1837,4.08878707885742,4.09323065236469,4.09323774293051,4.09320732998983,4.09321809643254
1838,4.08851671218872,4.09323145568089,4.09323852468573,4.09320818546748,4.09321892582029
1839,4.08858299255371,4.09323225704049,4.09323930454894,4.09320903886702,4.09321975319569
1840,4.08869075775146,4.09323305644843,4.09324008252488,4.09320989019373,4.09322057856383
1841,4.08867073059082,4.09323385390966,4.09324085861831,4.09321073945285,4.09322140192979
1842,4.08877515792847,4.09323464942912,4.09324163283397,4.09321158664963,4.09322222329863
1843,4.08878135681152,4.09323544301172,4.09324240517656,4.0932124317893,4.0932230426754
1844,4.08860921859741,4.09323623466237,4.09324317565081,4.09321327487707,4.09322386006512
1845,4.08868789672852,4.09323702438597,4.09324394426141,4.09321411591812,4.09322467547284
1846,4.08867406845093,4.09323781218739,4.09324471101304,4.09321495491766,4.09322548890355
1847,4.08857250213623,4.09323859807149,4.09324547591037,4.09321579188084,4.09322630036224
1848,4.08862018585205,4.09323938204312,4.09324623895806,4.09321662681283,4.0932271098539
1849,4.08862924575806,4.09324016410714,4.09324700016076,4.09321745971875,4.09322791738349
1850,4.08870553970337,4.09324094426835,4.0932477595231,4.09321829060375,4.09322872295597
1851,4.08864212036133,4.09324172253158,4.0932485170497,4.09321911947292,4.09322952657627
1852,4.08874654769897,4.09324249890162,4.09324927274516,4.09321994633137,4.09323032824931
1853,4.08865356445312,4.09324327338326,4.09325002661408,4.09322077118419,4.09323112798003
1854,4.08862209320068,4.09324404598127,4.09325077866106,4.09322159403643,4.0932319257733
1855,4.08874368667603,4.09324481670041,4.09325152889064,4.09322241489317,4.09323272163401
1856,4.08867835998535,4.09324558554543,4.0932522773074,4.09322323375944,4.09323351556705
1857,4.08861589431763,4.09324635252106,4.09325302391587,4.09322405064027,4.09323430757726
1858,4.08865594863892,4.09324711763202,4.0932537687206,4.09322486554067,4.09323509766949
1859,4.08856725692749,4.09324788088303,4.0932545117261,4.09322567846565,4.09323588584857
1860,4.08867835998535,4.09324864227876,4.09325525293689,4.09322648942019,4.09323667211933
1861,4.08863353729248,4.09324940182392,4.09325599235745,4.09322729840927,4.09323745648656
1862,4.08857536315918,4.09325015952317,4.09325672999228,4.09322810543784,4.09323823895507
1863,4.08872890472412,4.09325091538115,4.09325746584584,4.09322891051086,4.09323901952963
1864,4.08872985839844,4.09325166940253,4.09325819992261,4.09322971363325,4.093239798215
1865,4.08858823776245,4.09325242159193,4.09325893222701,4.09323051480994,4.09324057501594
1866,4.08871173858643,4.09325317195397,4.0932596627635,4.09323131404583,4.0932413499372
1867,4.08862113952637,4.09325392049326,4.09326039153649,4.09323211134582,4.0932421229835
1868,4.08872890472412,4.09325466721439,4.09326111855041,4.09323290671478,4.09324289415955
1869,4.08865928649902,4.09325541212193,4.09326184380965,4.09323370015757,4.09324366347006
1870,4.08863687515259,4.09325615522047,4.09326256731859,4.09323449167906,4.09324443091971
1871,4.08866548538208,4.09325689651456,4.09326328908161,4.09323528128408,4.09324519651318
1872,4.08871698379517,4.09325763600874,4.0932640091031,4.09323606897746,4.09324596025515
1873,4.08860540390015,4.09325837370754,4.09326472738738,4.09323685476401,4.09324672215025
1874,4.08869600296021,4.09325910961549,4.09326544393881,4.09323763864853,4.09324748220312
1875,4.08869504928589,4.09325984373709,4.09326615876173,4.0932384206358,4.0932482404184
1876,4.08871078491211,4.09326057607684,4.09326687186043,4.09323920073061,4.09324899680069
1877,4.08868789672852,4.09326130663922,4.09326758323924,4.0932399789377,4.0932497513546
1878,4.08872652053833,4.09326203542869,4.09326829290245,4.09324075526184,4.09325050408472
1879,4.08871412277222,4.09326276244973,4.09326900085434,4.09324152970775,4.09325125499562
1880,4.0887279510498,4.09326348770677,4.09326970709918,4.09324230228016,4.09325200409186
1881,4.08870983123779,4.09326421120425,4.09327041164124,4.09324307298378,4.093252751378
1882,4.08868551254272,4.0932649329466,4.09327111448477,4.09324384182329,4.09325349685858
1883,4.08871841430664,4.09326565293823,4.093271815634,4.0932446088034,4.09325424053812
1884,4.08867073059082,4.09326637118352,4.09327251509316,4.09324537392876,4.09325498242114
1885,4.08872556686401,4.09326708768688,4.09327321286647,4.09324613720404,4.09325572251214
1886,4.08877086639404,4.09326780245268,4.09327390895813,4.09324689863387,4.09325646081561
1887,4.08883333206177,4.09326851548528,4.09327460337233,4.09324765822291,4.09325719733602
1888,4.0886812210083,4.09326922678902,4.09327529611326,4.09324841597575,4.09325793207786
1889,4.08869695663452,4.09326993636826,4.09327598718509,4.09324917189702,4.09325866504556
1890,4.0887393951416,4.09327064422732,4.09327667659198,4.09324992599132,4.09325939624357
1891,4.08865928649902,4.09327135037052,4.09327736433807,4.09325067826321,4.09326012567632
1892,4.08866310119629,4.09327205480215,4.0932780504275,4.09325142871727,4.09326085334823
1893,4.08865261077881,4.09327275752653,4.0932787348644,4.09325217735807,4.09326157926371
1894,4.08869314193726,4.09327345854792,4.09327941765289,4.09325292419014,4.09326230342714
1895,4.0886378288269,4.0932741578706,4.09328009879706,4.09325366921803,4.09326302584291
1896,4.08868360519409,4.09327485549882,4.09328077830101,4.09325441244624,4.0932637465154
1897,4.08854293823242,4.09327555143684,4.09328145616884,4.0932551538793,4.09326446544896
1898,4.08873176574707,4.09327624568888,4.09328213240459,4.0932558935217,4.09326518264794
1899,4.08869314193726,4.09327693825918,4.09328280701235,4.09325663137793,4.09326589811668
1900,4.08864212036133,4.09327762915195,4.09328347999616,4.09325736745245,4.09326661185949
1901,4.08856534957886,4.09327831837139,4.09328415136005,4.09325810174973,4.0932673238807
1902,4.08871078491211,4.0932790059217,4.09328482110805,4.09325883427422,4.09326803418459
1903,4.08873748779297,4.09327969180703,4.09328548924419,4.09325956503035,4.09326874277547
1904,4.08864831924438,4.09328037603158,4.09328615577247,4.09326029402255,4.09326944965761
1905,4.08884620666504,4.0932810585995,4.09328682069689,4.09326102125523,4.09327015483527
1906,4.08875179290771,4.09328173951492,4.09328748402143,4.0932617467328,4.09327085831271
1907,4.08859443664551,4.093282418782,4.09328814575007,4.09326247045964,4.09327156009417
1908,4.0886926651001,4.09328309640484,4.09328880588678,4.09326319244013,4.09327226018389
1909,4.08857536315918,4.09328377238757,4.0932894644355,4.09326391267863,4.09327295858609
1910,4.08874464035034,4.09328444673428,4.09329012140018,4.09326463117951,4.09327365530497
1911,4.08867359161377,4.09328511944907,4.09329077678476,4.0932653479471,4.09327435034474
1912,4.08867073059082,4.09328579053601,4.09329143059316,4.09326606298574,4.09327504370958
1913,4.08870792388916,4.09328645999918,4.09329208282928,4.09326677629973,4.09327573540366
1914,4.08876037597656,4.09328712784264,4.09329273349705,4.0932674878934,4.09327642543116
1915,4.08885049819946,4.09328779407042,4.09329338260033,4.09326819777103,4.09327711379622
1916,4.08870363235474,4.09328845868657,4.09329403014302,4.09326890593691,4.09327780050298
1917,4.0886664390564,4.09328912169511,4.09329467612899,4.09326961239532,4.09327848555559
1918,4.08870363235474,4.09328978310006,4.09329532056209,4.09327031715051,4.09327916895816
1919,4.08871936798096,4.09329044290542,4.09329596344619,4.09327102020674,4.09327985071479
1920,4.0886926651001,4.09329110111519,4.09329660478511,4.09327172156825,4.0932805308296
1921,4.08869075775146,4.09329175773335,4.0932972445827,4.09327242123925,4.09328120930665
1922,4.08872747421265,4.09329241276387,4.09329788284277,4.09327311922397,4.09328188615004
1923,4.08872365951538,4.09329306621071,4.09329851956913,4.09327381552662,4.09328256136383
1924,4.08877754211426,4.09329371807783,4.09329915476558,4.09327451015138,4.09328323495206
1925,4.08865785598755,4.09329436836916,4.09329978843591,4.09327520310244,4.0932839069188
1926,4.08881568908691,4.09329501708864,4.09330042058391,4.09327589438397,4.09328457726806
1927,4.08875608444214,4.09329566424018,4.09330105121334,4.09327658400013,4.09328524600388
1928,4.08864831924438,4.0932963098277,4.09330168032796,4.09327727195507,4.09328591313025
1929,4.08880996704102,4.09329695385509,4.09330230793152,4.09327795825293,4.0932865786512
1930,4.08881235122681,4.09329759632625,4.09330293402776,4.09327864289783,4.0932872425707
1931,4.08862924575806,4.09329823724504,4.09330355862043,4.09327932589389,4.09328790489274
1932,4.08859014511108,4.09329887661534,4.09330418171323,4.09328000724522,4.09328856562128
1933,4.088707447052,4.09329951444101,4.09330480330987,4.0932806869559,4.09328922476029
1934,4.08866357803345,4.0933001507259,4.09330542341406,4.09328136503003,4.09328988231371
1935,4.08869934082031,4.09330078547383,4.09330604202949,4.09328204147167,4.09329053828548
1936,4.08882474899292,4.09330141868865,4.09330665915985,4.09328271628489,4.09329119267953
1937,4.08875513076782,4.09330205037416,4.09330727480879,4.09328338947373,4.09329184549978
1938,4.08855867385864,4.09330268053417,4.09330788897999,4.09328406104225,4.09329249675013
1939,4.08867692947388,4.09330330917249,4.09330850167711,4.09328473099445,4.09329314643448
1940,4.0886697769165,4.09330393629288,4.09330911290377,4.09328539933437,4.09329379455671
1941,4.08882474899292,4.09330456189915,4.09330972266363,4.09328606606602,4.09329444112071
1942,4.08874797821045,4.09330518599504,4.09331033096029,4.09328673119338,4.09329508613033
1943,4.08884477615356,4.09330580858432,4.09331093779737,4.09328739472044,4.09329572958943
1944,4.08870458602905,4.09330642967073,4.09331154317849,4.09328805665119,4.09329637150186
1945,4.08870029449463,4.09330704925802,4.09331214710724,4.09328871698959,4.09329701187146
1946,4.08875846862793,4.0933076673499,4.0933127495872,4.09328937573958,4.09329765070204
1947,4.08875179290771,4.0933082839501,4.09331335062195,4.09329003290512,4.09329828799743
1948,4.08871078491211,4.09330889906232,4.09331395021505,4.09329068849015,4.09329892376142
1949,4.088623046875,4.09330951269026,4.09331454837008,4.09329134249857,4.09329955799781
1950,4.08862543106079,4.09331012483761,4.09331514509056,4.09329199493431,4.09330019071039
1951,4.08869791030884,4.09331073550804,4.09331574038006,4.09329264580127,4.09330082190293
1952,4.08868026733398,4.09331134470523,4.09331633424209,4.09329329510335,4.09330145157919
1953,4.08870983123779,4.09331195243284,4.09331692668017,4.09329394284441,4.09330207974293
1954,4.08882904052734,4.0933125586945,4.09331751769783,4.09329458902834,4.09330270639791
1955,4.08872127532959,4.09331316349387,4.09331810729855,4.093295233659,4.09330333154784
1956,4.08870983123779,4.09331376683457,4.09331869548584,4.09329587674024,4.09330395519645
1957,4.08872652053833,4.09331436872023,4.09331928226318,4.09329651827589,4.09330457734747
1958,4.0887131690979,4.09331496915445,4.09331986763404,4.0932971582698,4.09330519800459
1959,4.08868312835693,4.09331556814083,4.0933204516019,4.09329779672578,4.09330581717152
1960,4.08873176574707,4.09331616568297,4.0933210341702,4.09329843364764,4.09330643485193
1961,4.08874225616455,4.09331676178445,4.09332161534241,4.09329906903919,4.09330705104951
1962,4.0886664390564,4.09331735644884,4.09332219512195,4.09329970290421,4.09330766576792
1963,4.08860111236572,4.09331794967971,4.09332277351225,4.09330033524648,4.09330827901082
1964,4.08861875534058,4.09331854148061,4.09332335051675,4.09330096606978,4.09330889078186
1965,4.08868789672852,4.09331913185508,4.09332392613884,4.09330159537787,4.09330950108467
1966,4.08872890472412,4.09331972080667,4.09332450038194,4.0933022231745,4.09331010992288
1967,4.0887279510498,4.09332030833889,4.09332507324944,4.09330284946341,4.09331071730012
1968,4.08867406845093,4.09332089445527,4.09332564474473,4.09330347424832,4.09331132321998
1969,4.08875751495361,4.09332147915931,4.09332621487117,4.09330409753297,4.09331192768608
1970,4.08875608444214,4.09332206245451,4.09332678363215,4.09330471932107,4.093312530702
1971,4.08869695663452,4.09332264434436,4.09332735103102,4.09330533961631,4.09331313227132
1972,4.08878374099731,4.09332322483234,4.09332791707113,4.09330595842238,4.09331373239762
1973,4.08880186080933,4.09332380392193,4.09332848175582,4.09330657574298,4.09331433108445
1974,4.08873605728149,4.09332438161658,4.09332904508843,4.09330719158177,4.09331492833538
1975,4.08863258361816,4.09332495791974,4.09332960707229,4.09330780594242,4.09331552415393
1976,4.08870649337769,4.09332553283487,4.09333016771069,4.09330841882857,4.09331611854366
1977,4.08874893188477,4.0933261063654,4.09333072700697,4.09330903024389,4.09331671150808
1978,4.08866834640503,4.09332667851475,4.09333128496441,4.09330964019199,4.0933173030507
1979,4.08871412277222,4.09332724928633,4.0933318415863,4.0933102486765,4.09331789317505
1980,4.08879327774048,4.09332781868357,4.09333239687593,4.09331085570104,4.09331848188461
1981,4.08889245986938,4.09332838670985,4.09333295083657,4.09331146126922,4.09331906918287
1982,4.08872747421265,4.09332895336857,4.09333350347148,4.09331206538463,4.09331965507331
1983,4.08872985839844,4.09332951866311,4.09333405478392,4.09331266805085,4.0933202395594
1984,4.08878898620605,4.09333008259683,4.09333460477715,4.09331326927147,4.09332082264461
1985,4.08887767791748,4.09333064517312,4.09333515345439,4.09331386905006,4.09332140433238
1986,4.0887508392334,4.09333120639532,4.09333570081889,4.09331446739016,4.09332198462616
1987,4.0887975692749,4.09333176626677,4.09333624687385,4.09331506429535,4.09332256352938
1988,4.08881521224976,4.09333232479082,4.0933367916225,4.09331565976914,4.09332314104547
1989,4.08876800537109,4.09333288197078,4.09333733506804,4.09331625381508,4.09332371717785
1990,4.08874988555908,4.09333343781,4.09333787721368,4.09331684643668,4.09332429192991
1991,4.08869171142578,4.09333399231177,4.09333841806259,4.09331743763746,4.09332486530507
1992,4.08883142471313,4.0933345454794,4.09333895761797,4.09331802742092,4.09332543730671
1993,4.08880996704102,4.09333509731617,4.09333949588298,4.09331861579056,4.09332600793821
1994,4.08873176574707,4.09333564782539,4.09334003286079,4.09331920274986,4.09332657720294
1995,4.08877515792847,4.09333619701032,4.09334056855456,4.0933197883023,4.09332714510427
1996,4.08877658843994,4.09333674487424,4.09334110296743,4.09332037245134,4.09332771164555
1997,4.08869409561157,4.0933372914204,4.09334163610255,4.09332095520045,4.09332827683013
1998,4.08879613876343,4.09333783665205,4.09334216796305,4.09332153655306,4.09332884066134
1999,4.08878707885742,4.09333838057245,4.09334269855205,4.09332211651263,4.09332940314251
2000,4.08873701095581,4.09333892318482,4.09334322787266,4.09332269508258,4.09332996427696
2001,4.08883953094482,4.09333946449239,4.093343755928,4.09332327226633,4.09333052406801
2002,4.08872270584106,4.09334000449837,4.09334428272117,4.0933238480673,4.09333108251896
2003,4.08864831924438,4.09334054320598,4.09334480825526,4.0933244224889,4.09333163963309
2004,4.08873414993286,4.09334108061843,4.09334533253335,4.09332499553451,4.0933321954137
2005,4.08867931365967,4.09334161673889,4.09334585555852,4.09332556720752,4.09333274986406
2006,4.08875703811646,4.09334215157056,4.09334637733383,4.09332613751132,4.09333330298745
2007,4.08872985839844,4.09334268511661,4.09334689786236,4.09332670644926,4.09333385478711
2008,4.08874797821045,4.09334321738022,4.09334741714714,4.09332727402472,4.09333440526631
2009,4.0887508392334,4.09334374836454,4.09334793519123,4.09332784024103,4.09333495442828
2010,4.08876895904541,4.09334427807272,4.09334845199766,4.09332840510156,4.09333550227626
2011,4.08881425857544,4.0933448065079,4.09334896756946,4.09332896860962,4.09333604881348
2012,4.08873701095581,4.09334533367323,4.09334948190965,4.09332953076854,4.09333659404315
2013,4.08878898620605,4.09334585957182,4.09334999502125,4.09333009158165,4.09333713796849
2014,4.08873748779297,4.09334638420681,4.09335050690725,4.09333065105225,4.0933376805927
2015,4.08876800537109,4.09334690758129,4.09335101757067,4.09333120918363,4.09333822191896
2016,4.08875513076782,4.09334742969838,4.09335152701449,4.0933317659791,4.09333876195046
2017,4.08881092071533,4.09334795056116,4.09335203524168,4.09333232144192,4.09333930069039
2018,4.08874559402466,4.09334847017273,4.09335254225524,4.09333287557539,4.0933398381419
2019,4.08864545822144,4.09334898853616,4.09335304805812,4.09333342838275,4.09334037430816
2020,4.08865261077881,4.09334950565453,4.09335355265328,4.09333397986727,4.09334090919233
2021,4.08878135681152,4.0933500215309,4.09335405604368,4.0933345300322,4.09334144279753
2022,4.08875322341919,4.09335053616832,4.09335455823225,4.09333507888078,4.09334197512692
2023,4.08881855010986,4.09335104956984,4.09335505922195,4.09333562641624,4.09334250618361
2024,4.08887958526611,4.0933515617385,4.09335555901569,4.0933361726418,4.09334303597073
2025,4.08884477615356,4.09335207267733,4.0933560576164,4.09333671756067,4.09334356449139
2026,4.08873414993286,4.09335258238935,4.093356555027,4.09333726117608,4.09334409174869
2027,4.08875608444214,4.09335309087759,4.09335705125038,4.0933378034912,4.09334461774573
2028,4.08878564834595,4.09335359814505,4.09335754628945,4.09333834450924,4.0933451424856
2029,4.08871698379517,4.09335410419473,4.0933580401471,4.09333888423337,4.09334566597136
2030,4.08868789672852,4.09335460902962,4.09335853282623,4.09333942266677,4.09334618820611
2031,4.08881950378418,4.09335511265271,4.09335902432969,4.09333995981261,4.09334670919289
2032,4.08868789672852,4.09335561506697,4.09335951466037,4.09334049567404,4.09334722893477
2033,4.08877229690552,4.09335611627538,4.09336000382112,4.09334103025421,4.0933477474348
2034,4.08882808685303,4.09335661628089,4.09336049181481,4.09334156355625,4.093348264696
2035,4.08867502212524,4.09335711508647,4.09336097864427,4.09334209558332,4.09334878072143
2036,4.08881235122681,4.09335761269505,4.09336146431236,4.09334262633852,4.09334929551409
2037,4.0887656211853,4.09335810910958,4.09336194882189,4.09334315582498,4.09334980907701
2038,4.08872032165527,4.09335860433299,4.09336243217571,4.09334368404581,4.0933503214132
2039,4.0886697769165,4.0933590983682,4.09336291437663,4.0933442110041,4.09335083252565
2040,4.08871603012085,4.09335959121813,4.09336339542745,4.09334473670295,4.09335134241737
2041,4.08876800537109,4.09336008288569,4.093363875331,4.09334526114545,4.09335185109133
2042,4.08869695663452,4.09336057337378,4.09336435409005,4.09334578433466,4.09335235855052
2043,4.08888816833496,4.09336106268528,4.09336483170741,4.09334630627367,4.0933528647979
2044,4.08868217468262,4.09336155082311,4.09336530818585,4.09334682696552,4.09335336983644
2045,4.08878564834595,4.09336203779011,4.09336578352815,4.09334734641328,4.09335387366909
2046,4.08880043029785,4.09336252358918,4.09336625773709,4.09334786461999,4.0933543762988
2047,4.08891248703003,4.09336300822318,4.09336673081542,4.09334838158868,4.09335487772851
2048,4.08879423141479,4.09336349169496,4.09336720276589,4.09334889732239,4.09335537796116
2049,4.0888409614563,4.09336397400737,4.09336767359127,4.09334941182413,4.09335587699967
2050,4.08878898620605,4.09336445516325,4.09336814329428,4.09334992509693,4.09335637484695
2051,4.08877420425415,4.09336493516544,4.09336861187766,4.09335043714379,4.09335687150591
2052,4.08873701095581,4.09336541401678,4.09336907934413,4.0933509479677,4.09335736697947
2053,4.08868646621704,4.09336589172007,4.09336954569642,4.09335145757166,4.09335786127051
2054,4.08871698379517,4.09336636827813,4.09337001093725,4.09335196595865,4.09335835438192
2055,4.08872985839844,4.09336684369377,4.09337047506931,4.09335247313165,4.09335884631659
2056,4.08869409561157,4.09336731796978,4.0933709380953,4.09335297909362,4.09335933707737
2057,4.08873605728149,4.09336779110897,4.09337140001793,4.09335348384753,4.09335982666715
2058,4.08880710601807,4.0933682631141,4.09337186083987,4.09335398739632,4.09336031508878
2059,4.08861923217773,4.09336873398797,4.0933723205638,4.09335448974295,4.0933608023451
2060,4.0887508392334,4.09336920373334,4.09337277919239,4.09335499089035,4.09336128843897
2061,4.08878469467163,4.09336967235297,4.09337323672832,4.09335549084144,4.09336177337322
2062,4.08874464035034,4.09337013984962,4.09337369317423,4.09335598959916,4.09336225715068
2063,4.08872365951538,4.09337060622604,4.09337414853278,4.09335648716642,4.09336273977417
2064,4.08874225616455,4.09337107148497,4.09337460280662,4.09335698354612,4.09336322124651
2065,4.08868312835693,4.09337153562915,4.09337505599838,4.09335747874117,4.0933637015705
2066,4.08879852294922,4.09337199866131,4.09337550811069,4.09335797275446,4.09336418074894
2067,4.08879232406616,4.09337246058415,4.09337595914618,4.09335846558887,4.09336465878463
2068,4.08887052536011,4.09337292140042,4.09337640910747,4.09335895724728,4.09336513568035
2069,4.08887767791748,4.09337338111279,4.09337685799717,4.09335944773256,4.09336561143888
2070,4.0887508392334,4.09337383972399,4.09337730581788,4.09335993704758,4.093366086063
2071,4.08881235122681,4.09337429723669,4.0933777525722,4.09336042519519,4.09336655955547
2072,4.08876705169678,4.0933747536536,4.09337819826272,4.09336091217824,4.09336703191903
2073,4.08877420425415,4.09337520897737,4.09337864289203,4.09336139799957,4.09336750315647
2074,4.08884811401367,4.09337566321071,4.09337908646271,4.09336188266201,4.0933679732705
2075,4.08877849578857,4.09337611635625,4.09337952897733,4.0933623661684,4.09336844226386
2076,4.08872222900391,4.09337656841667,4.09337997043845,4.09336284852155,4.0933689101393
2077,4.08872032165527,4.09337701939462,4.09338041084864,4.09336332972428,4.09336937689952
2078,4.08873176574707,4.09337746929275,4.09338085021044,4.09336380977938,4.09336984254725
2079,4.08880043029785,4.09337791811368,4.0933812885264,4.09336428868966,4.0933703070852
2080,4.0888204574585,4.09337836586006,4.09338172579906,4.09336476645791,4.09337077051606
2081,4.0887508392334,4.09337881253451,4.09338216203096,4.09336524308691,4.09337123284254
2082,4.08874464035034,4.09337925813965,4.09338259722462,4.09336571857944,4.09337169406731
2083,4.08888387680054,4.09337970267809,4.09338303138256,4.09336619293826,4.09337215419307
2084,4.08876180648804,4.09338014615243,4.09338346450729,4.09336666616615,4.09337261322248
2085,4.08876180648804,4.09338058856529,4.09338389660133,4.09336713826586,4.09337307115822
2086,4.08873224258423,4.09338102991924,4.09338432766717,4.09336760924012,4.09337352800295
2087,4.08875226974487,4.09338147021687,4.09338475770732,4.0933680790917,4.09337398375931
2088,4.08876800537109,4.09338190946076,4.09338518672425,4.09336854782332,4.09337443842997
2089,4.08872365951538,4.09338234765349,4.09338561472045,4.0933690154377,4.09337489201755
2090,4.08882808685303,4.09338278479762,4.0933860416984,4.09336948193758,4.09337534452469
2091,4.08875608444214,4.09338322089571,4.09338646766056,4.09336994732565,4.09337579595402
2092,4.08872556686401,4.09338365595031,4.0933868926094,4.09337041160464,4.09337624630817
2093,4.08882474899292,4.09338408996398,4.09338731654738,4.09337087477724,4.09337669558974
2094,4.08886384963989,4.09338452293924,4.09338773947696,4.09337133684613,4.09337714380134
2095,4.08879518508911,4.09338495487863,4.09338816140056,4.09337179781402,4.09337759094558
2096,4.08880043029785,4.09338538578469,4.09338858232064,4.09337225768358,4.09337803702504
2097,4.08876895904541,4.09338581565992,4.09338900223962,4.09337271645747,4.09337848204232
2098,4.08875322341919,4.09338624450685,4.09338942115993,4.09337317413837,4.093378926
2099,4.08872365951538,4.09338667232798,4.093389839084,4.09337363072894,4.09337936890065
2100,4.0888090133667,4.09338709912582,4.09339025601423,4.09337408623182,4.09337981074683
2101,4.08884525299072,4.09338752490285,4.09339067195304,4.09337454064967,4.09338025154112
2102,4.08879661560059,4.09338794966158,4.09339108690282,4.09337499398512,4.09338069128607
2103,4.08882617950439,4.09338837340447,4.09339150086598,4.0933754462408,4.09338112998422
2104,4.08889865875244,4.09338879613401,4.0933919138449,4.09337589741934,4.09338156763811
2105,4.0887508392334,4.09338921785267,4.09339232584197,4.09337634752336,4.09338200425029
2106,4.08883047103882,4.09338963856291,4.09339273685957,4.09337679655547,4.09338243982329
2107,4.08877420425415,4.09339005826718,4.09339314690006,4.09337724451828,4.09338287435961
2108,4.08881330490112,4.09339047696795,4.09339355596582,4.09337769141438,4.09338330786179
2109,4.08875703811646,4.09339089466765,4.0933939640592,4.09337813724636,4.09338374033233
2110,4.08880186080933,4.09339131136872,4.09339437118256,4.09337858201682,4.09338417177374
2111,4.08870124816895,4.0933917270736,4.09339477733825,4.09337902572833,4.09338460218851
2112,4.0887713432312,4.0933921417847,4.0933951825286,4.09337946838346,4.09338503157913
2113,4.08877420425415,4.09339255550446,4.09339558675596,4.09337990998479,4.09338545994809
2114,4.08888101577759,4.09339296823529,4.09339599002266,4.09338035053486,4.09338588729787
2115,4.08864545822144,4.09339337997959,4.09339639233102,4.09338079003623,4.09338631363094
2116,4.08880615234375,4.09339379073977,4.09339679368335,4.09338122849146,4.09338673894977
2117,4.08883047103882,4.09339420051821,4.09339719408199,4.09338166590307,4.09338716325682
2118,4.08892822265625,4.09339460931733,4.09339759352922,4.09338210227361,4.09338758655453
2119,4.08874797821045,4.09339501713948,4.09339799202735,4.0933825376056,4.09338800884536
2120,4.08881235122681,4.09339542398707,4.09339838957868,4.09338297190156,4.09338843013175
2121,4.08877420425415,4.09339582986244,4.0933987861855,4.09338340516401,4.09338885041614
2122,4.08894109725952,4.09339623476798,4.0933991818501,4.09338383739545,4.09338926970094
2123,4.0888557434082,4.09339663870603,4.09339957657474,4.09338426859839,4.0933896879886
2124,4.08886003494263,4.09339704167896,4.09339997036171,4.09338469877532,4.09339010528152
2125,4.08887052536011,4.09339744368912,4.09340036321326,4.09338512792873,4.09339052158211
2126,4.0887393951416,4.09339784473884,4.09340075513167,4.09338555606111,4.09339093689277
2127,4.08884477615356,4.09339824483046,4.09340114611919,4.09338598317493,4.09339135121592
2128,4.08874559402466,4.09339864396631,4.09340153617806,4.09338640927265,4.09339176455393
2129,4.08886098861694,4.09339904214871,4.09340192531054,4.09338683435676,4.0933921769092
2130,4.08889770507812,4.09339943937999,4.09340231351886,4.0933872584297,4.09339258828411
2131,4.08878993988037,4.09339983566246,4.09340270080525,4.09338768149392,4.09339299868103
2132,4.08888912200928,4.09340023099841,4.09340308717194,4.09338810355188,4.09339340810232
2133,4.08878803253174,4.09340062539016,4.09340347262116,4.093388524606,4.09339381655036
2134,4.08897686004639,4.09340101884,4.09340385715512,4.09338894465873,4.0933942240275
2135,4.0888819694519,4.09340141135022,4.09340424077603,4.09338936371249,4.09339463053608
2136,4.08877086639404,4.0934018029231,4.0934046234861,4.09338978176971,4.09339503607846
2137,4.08882999420166,4.09340219356092,4.09340500528752,4.09339019883279,4.09339544065698
2138,4.08881139755249,4.09340258326595,4.0934053861825,4.09339061490415,4.09339584427395
2139,4.08883142471313,4.09340297204045,4.09340576617321,4.09339102998619,4.09339624693172
2140,4.08875608444214,4.0934033598867,4.09340614526185,4.0933914440813,4.09339664863261
2141,4.08873701095581,4.09340374680693,4.09340652345059,4.09339185719187,4.09339704937892
2142,4.0888090133667,4.09340413280341,4.0934069007416,4.0933922693203,4.09339744917298
2143,4.08888387680054,4.09340451787838,4.09340727713706,4.09339268046896,4.09339784801707
2144,4.08875226974487,4.09340490203407,4.09340765263911,4.09339309064022,4.09339824591351
2145,4.08872890472412,4.09340528527272,4.09340802724993,4.09339349983645,4.09339864286458
2146,4.08881855010986,4.09340566759655,4.09340840097166,4.09339390806002,4.09339903887257
2147,4.08868551254272,4.09340604900778,4.09340877380644,4.09339431531326,4.09339943393977
2148,4.08872556686401,4.09340642950863,4.09340914575641,4.09339472159854,4.09339982806843
2149,4.0888352394104,4.09340680910132,4.09340951682372,4.0933951269182,4.09340022126085
2150,4.08876800537109,4.09340718778803,4.09340988701049,4.09339553127457,4.09340061351927
2151,4.08882474899292,4.09340756557098,4.09341025631883,4.09339593466999,4.09340100484596
2152,4.08879518508911,4.09340794245236,4.09341062475089,4.09339633710677,4.09340139524317
2153,4.08880376815796,4.09340831843435,4.09341099230876,4.09339673858725,4.09340178471314
2154,4.08881855010986,4.09340869351913,4.09341135899455,4.09339713911373,4.09340217325812
2155,4.08877229690552,4.09340906770889,4.09341172481037,4.09339753868852,4.09340256088034
2156,4.08882904052734,4.09340944100579,4.09341208975832,4.09339793731393,4.09340294758204
2157,4.08866739273071,4.093409813412,4.09341245384048,4.09339833499225,4.09340333336543
2158,4.08886528015137,4.09341018492969,4.09341281705895,4.09339873172576,4.09340371823274
2159,4.08884811401367,4.093410555561,4.09341317941581,4.09339912751677,4.09340410218617
2160,4.08875513076782,4.09341092530808,4.09341354091313,4.09339952236754,4.09340448522794
2161,4.08859157562256,4.09341129417309,4.09341390155298,4.09339991628034,4.09340486736025
2162,4.0887656211853,4.09341166215815,4.09341426133745,4.09340030925746,4.09340524858529
2163,4.08876466751099,4.09341202926541,4.09341462026857,4.09340070130114,4.09340562890526
2164,4.08880043029785,4.09341239549698,4.09341497834841,4.09340109241364,4.09340600832234
2165,4.08877849578857,4.093412760855,4.09341533557903,4.09340148259722,4.09340638683871
2166,4.0888237953186,4.09341312534158,4.09341569196246,4.09340187185412,4.09340676445655
2167,4.08876180648804,4.09341348895883,4.09341604750075,4.09340226018658,4.09340714117802
2168,4.08880472183228,4.09341385170886,4.09341640219594,4.09340264759683,4.09340751700529
2169,4.08881330490112,4.09341421359378,4.09341675605005,4.09340303408711,4.09340789194052
2170,4.08887052536011,4.09341457461567,4.09341710906511,4.09340341965962,4.09340826598586
2171,4.08886814117432,4.09341493477662,4.09341746124315,4.0934038043166,4.09340863914345
2172,4.08876466751099,4.09341529407874,4.09341781258617,4.09340418806025,4.09340901141545
2173,4.08883857727051,4.09341565252409,4.09341816309619,4.09340457089278,4.09340938280398
2174,4.08883666992188,4.09341601011475,4.09341851277522,4.09340495281639,4.09340975331118
2175,4.08868217468262,4.09341636685279,4.09341886162525,4.09340533383328,4.09341012293917
2176,4.08883428573608,4.09341672274028,4.09341920964829,4.09340571394562,4.09341049169009
2177,4.0887713432312,4.09341707777927,4.09341955684631,4.09340609315562,4.09341085956603
2178,4.08881092071533,4.09341743197182,4.09341990322131,4.09340647146544,4.09341122656911
2179,4.08886098861694,4.09341778531998,4.09342024877526,4.09340684887725,4.09341159270144
2180,4.08869934082031,4.0934181378258,4.09342059351016,4.09340722539324,4.09341195796512
2181,4.08893585205078,4.09341848949132,4.09342093742796,4.09340760101556,4.09341232236224
2182,4.08879947662354,4.09341884031856,4.09342128053063,4.09340797574635,4.09341268589488
2183,4.08884525299072,4.09341919030956,4.09342162282013,4.09340834958779,4.09341304856515
2184,4.08899831771851,4.09341953946634,4.09342196429842,4.09340872254201,4.0934134103751
2185,4.08886384963989,4.09341988779092,4.09342230496746,4.09340909461116,4.09341377132683
2186,4.08877849578857,4.09342023528531,4.09342264482918,4.09340946579736,4.09341413142239
2187,4.08875417709351,4.09342058195153,4.09342298388553,4.09340983610276,4.09341449066385
2188,4.08874464035034,4.09342092779158,4.09342332213845,4.09341020552947,4.09341484905327
2189,4.08887147903442,4.09342127280746,4.09342365958986,4.09341057407961,4.09341520659269
2190,4.08888006210327,4.09342161700115,4.09342399624171,4.0934109417553,4.09341556328418
2191,4.08883047103882,4.09342196037465,4.0934243320959,4.09341130855864,4.09341591912977
2192,4.08873701095581,4.09342230292995,4.09342466715436,4.09341167449175,4.0934162741315
2193,4.08886384963989,4.09342264466902,4.093425001419,4.09341203955671,4.0934166282914
2194,4.08883142471313,4.09342298559384,4.09342533489173,4.09341240375563,4.09341698161151
2195,4.08876800537109,4.09342332570638,4.09342566757445,4.09341276709058,4.09341733409383
2196,4.08876371383667,4.09342366500859,4.09342599946906,4.09341312956366,4.0934176857404
2197,4.08871698379517,4.09342400350244,4.09342633057746,4.09341349117693,4.09341803655322
2198,4.08878469467163,4.09342434118989,4.09342666090153,4.09341385193248,4.0934183865343
2199,4.08886623382568,4.09342467807288,4.09342699044317,4.09341421183237,4.09341873568565
2200,4.0888819694519,4.09342501415337,4.09342731920424,4.09341457087866,4.09341908400926
2201,4.0887508392334,4.09342534943328,4.09342764718663,4.0934149290734,4.09341943150712
2202,4.08889579772949,4.09342568391455,4.09342797439221,4.09341528641866,4.09341977818122
2203,4.08884525299072,4.09342601759912,4.09342830082285,4.09341564291647,4.09342012403355
2204,4.08884286880493,4.09342635048891,4.09342862648039,4.09341599856888,4.09342046906608
2205,4.08892297744751,4.09342668258584,4.09342895136671,4.09341635337793,4.0934208132808
2206,4.08885049819946,4.09342701389182,4.09342927548366,4.09341670734564,4.09342115667965
2207,4.0887975692749,4.09342734440877,4.09342959883308,4.09341706047404,4.09342149926461
2208,4.0888819694519,4.0934276741386,4.09342992141681,4.09341741276516,4.09342184103763
2209,4.08896112442017,4.0934280030832,4.0934302432367,4.09341776422101,4.09342218200068
2210,4.08881521224976,4.09342833124447,4.09343056429458,4.09341811484359,4.09342252215569
2211,4.0888409614563,4.09342865862431,4.09343088459228,4.09341846463493,4.09342286150461
2212,4.08892965316772,4.0934289852246,4.09343120413162,4.09341881359701,4.09342320004939
2213,4.08886289596558,4.09342931104722,4.09343152291443,4.09341916173184,4.09342353779194
2214,4.08885478973389,4.09342963609406,4.09343184094252,4.0934195090414,4.09342387473422
2215,4.08890438079834,4.09342996036698,4.0934321582177,4.09341985552769,4.09342421087813
2216,4.08878993988037,4.09343028386786,4.09343247474178,4.09342020119268,4.0934245462256
2217,4.08884906768799,4.09343060659856,4.09343279051657,4.09342054603835,4.09342488077854
2218,4.08878040313721,4.09343092856093,4.09343310554385,4.09342089006668,4.09342521453887
2219,4.08878469467163,4.09343124975684,4.09343341982543,4.09342123327962,4.09342554750849
2220,4.08880996704102,4.09343157018814,4.0934337333631,4.09342157567914,4.09342587968929
2221,4.08890962600708,4.09343188985665,4.09343404615863,4.0934219172672,4.09342621108318
2222,4.08882617950439,4.09343220876425,4.09343435821382,4.09342225804576,4.09342654169205
2223,4.08889436721802,4.09343252691274,4.09343466953043,4.09342259801674,4.09342687151779
2224,4.08884811401367,4.09343284430398,4.09343498011024,4.09342293718211,4.09342720056227
2225,4.08876800537109,4.09343316093979,4.09343528995502,4.0934232755438,4.09342752882737
2226,4.08884286880493,4.09343347682198,4.09343559906652,4.09342361310374,4.09342785631497
2227,4.08886003494263,4.09343379195238,4.09343590744651,4.09342394986385,4.09342818302694
2228,4.08884620666504,4.0934341063328,4.09343621509675,4.09342428582606,4.09342850896513
2229,4.08889675140381,4.09343441996505,4.09343652201897,4.0934246209923,4.09342883413141
2230,4.08884620666504,4.09343473285094,4.09343682821494,4.09342495536447,4.09342915852763
2231,4.0888409614563,4.09343504499226,4.09343713368638,4.09342528894448,4.09342948215565
2232,4.08873510360718,4.09343535639081,4.09343743843504,4.09342562173424,4.0934298050173
2233,4.0889105796814,4.09343566704839,4.09343774246265,4.09342595373564,4.09343012711442
2234,4.08892107009888,4.09343597696677,4.09343804577094,4.09342628495059,4.09343044844886
2235,4.088782787323,4.09343628614775,4.09343834836163,4.09342661538097,4.09343076902245
2236,4.08886814117432,4.0934365945931,4.09343865023644,4.09342694502866,4.093431088837
2237,4.08873081207275,4.09343690230459,4.09343895139709,4.09342727389556,4.09343140789435
2238,4.08877420425415,4.093437209284,4.09343925184529,4.09342760198352,4.09343172619631
2239,4.08882570266724,4.09343751553308,4.09343955158275,4.09342792929443,4.09343204374469
2240,4.08871936798096,4.09343782105361,4.09343985061118,4.09342825583016,4.09343236054132
2241,4.08895778656006,4.09343812584733,4.09344014893226,4.09342858159255,4.09343267658797
2242,4.08886814117432,4.09343842991599,4.09344044654769,4.09342890658349,4.09343299188647
2243,4.0889778137207,4.09343873326135,4.09344074345917,4.0934292308048,4.0934333064386
2244,4.08871603012085,4.09343903588515,4.09344103966839,4.09342955425835,4.09343362024615
2245,4.08880567550659,4.09343933778913,4.09344133517701,4.09342987694597,4.09343393331092
2246,4.08891677856445,4.09343963897501,4.09344162998673,4.09343019886952,4.09343424563468
2247,4.08894538879395,4.09343993944454,4.09344192409922,4.09343052003081,4.09343455721921
2248,4.0890064239502,4.09344023919944,4.09344221751615,4.09343084043169,4.09343486806629
2249,4.0888524055481,4.09344053824142,4.09344251023917,4.09343116007397,4.09343517817769
2250,4.08885335922241,4.09344083657221,4.09344280226997,4.09343147895948,4.09343548755516
2251,4.08895826339722,4.09344113419352,4.09344309361018,4.09343179709004,4.09343579620047
2252,4.08887147903442,4.09344143110706,4.09344338426147,4.09343211446746,4.09343610411538
2253,4.08876180648804,4.09344172731454,4.09344367422549,4.09343243109354,4.09343641130164
2254,4.08883953094482,4.09344202281764,4.09344396350388,4.09343274697009,4.09343671776099
2255,4.08884048461914,4.09344231761808,4.09344425209828,4.0934330620989,4.09343702349518
2256,4.08891582489014,4.09344261171754,4.09344454001033,4.09343337648178,4.09343732850595
2257,4.0888237953186,4.09344290511771,4.09344482724166,4.09343369012051,4.09343763279503
2258,4.0888934135437,4.09344319782027,4.09344511379391,4.09343400301688,4.09343793636415
2259,4.08881330490112,4.09344348982692,4.0934453996687,4.09343431517266,4.09343823921505
2260,4.08884382247925,4.0934437811393,4.09344568486764,4.09343462658964,4.09343854134942
2261,4.0888500213623,4.09344407175911,4.09344596939237,4.09343493726959,4.09343884276901
2262,4.0888352394104,4.09344436168801,4.09344625324448,4.09343524721428,4.09343914347552
2263,4.0888352394104,4.09344465092765,4.09344653642559,4.09343555642546,4.09343944347066
2264,4.08891916275024,4.09344493947971,4.09344681893731,4.0934358649049,4.09343974275613
2265,4.08889579772949,4.09344522734583,4.09344710078124,4.09343617265436,4.09344004133364
2266,4.0888843536377,4.09344551452767,4.09344738195898,4.09343647967558,4.09344033920488
2267,4.08894205093384,4.09344580102687,4.09344766247211,4.0934367859703,4.09344063637154
2268,4.08890819549561,4.09344608684507,4.09344794232223,4.09343709154029,4.09344093283532
2269,4.08896970748901,4.09344637198392,4.09344822151093,4.09343739638725,4.09344122859789
2270,4.0889253616333,4.09344665644505,4.09344850003978,4.09343770051295,4.09344152366094
2271,4.08884191513062,4.09344694023008,4.09344877791037,4.0934380039191,4.09344181802614
2272,4.08883333206177,4.09344722334065,4.09344905512426,4.09343830660742,4.09344211169516
2273,4.08884477615356,4.09344750577838,4.09344933168304,4.09343860857964,4.09344240466968
2274,4.08877611160278,4.09344778754488,4.09344960758827,4.09343890983748,4.09344269695135
2275,4.08881568908691,4.09344806864177,4.0934498828415,4.09343921038264,4.09344298854183
2276,4.08894634246826,4.09344834907067,4.09345015744431,4.09343951021684,4.09344327944278
2277,4.08896780014038,4.09344862883317,4.09345043139824,4.09343980934177,4.09344356965585
2278,4.08888721466064,4.09344890793088,4.09345070470484,4.09344010775915,4.09344385918268
2279,4.08887767791748,4.0934491863654,4.09345097736566,4.09344040547065,4.09344414802493
2280,4.08895397186279,4.09344946413832,4.09345124938225,4.09344070247798,4.09344443618423
2281,4.08890962600708,4.09344974125124,4.09345152075615,4.09344099878283,4.09344472366221
2282,4.08890008926392,4.09345001770574,4.09345179148888,4.09344129438686,4.0934450104605
2283,4.08891344070435,4.0934502935034,4.093452061582,4.09344158929177,4.09344529658074
2284,4.08888530731201,4.0934505686458,4.09345233103702,4.09344188349923,4.09344558202454
2285,4.08882713317871,4.09345084313453,4.09345259985546,4.0934421770109,4.09344586679353
2286,4.08882474899292,4.09345111697114,4.09345286803886,4.09344246982846,4.09344615088931
2287,4.08889770507812,4.09345139015721,4.09345313558872,4.09344276195357,4.0934464343135
2288,4.08884382247925,4.09345166269429,4.09345340250656,4.09344305338788,4.09344671706771
2289,4.08888387680054,4.09345193458396,4.0934536687939,4.09344334413305,4.09344699915354
2290,4.08881139755249,4.09345220582777,4.09345393445223,4.09344363419073,4.09344728057259
2291,4.08895063400269,4.09345247642726,4.09345419948306,4.09344392356256,4.09344756132645
2292,4.08897686004639,4.09345274638399,4.09345446388789,4.09344421225019,4.09344784141672
2293,4.08896112442017,4.0934530156995,4.09345472766821,4.09344450025526,4.09344812084499
2294,4.08887147903442,4.09345328437533,4.09345499082553,4.09344478757939,4.09344839961283
2295,4.08889150619507,4.09345355241301,4.09345525336131,4.09344507422423,4.09344867772182
2296,4.08888959884644,4.09345381981409,4.09345551527705,4.09344536019138,4.09344895517355
2297,4.08894348144531,4.09345408658009,4.09345577657424,4.09344564548249,4.09344923196958
2298,4.08885431289673,4.09345435271253,4.09345603725434,4.09344593009916,4.09344950811149
2299,4.0889139175415,4.09345461821294,4.09345629731883,4.09344621404301,4.09344978360083
2300,4.08887338638306,4.09345488308284,4.09345655676918,4.09344649731565,4.09345005843917
2301,4.08886480331421,4.09345514732373,4.09345681560685,4.09344677991868,4.09345033262806
2302,4.08885765075684,4.09345541093713,4.09345707383332,4.09344706185371,4.09345060616905
2303,4.08885145187378,4.09345567392455,4.09345733145003,4.09344734312234,4.09345087906371
2304,4.0889105796814,4.09345593628749,4.09345758845845,4.09344762372615,4.09345115131356
2305,4.08890628814697,4.09345619802745,4.09345784486002,4.09344790366674,4.09345142292016
2306,4.08886098861694,4.09345645914593,4.0934581006562,4.0934481829457,4.09345169388503
2307,4.089026927948,4.09345671964441,4.09345835584843,4.09344846156461,4.09345196420972
2308,4.0888671875,4.09345697952439,4.09345861043815,4.09344873952504,4.09345223389575
2309,4.08898878097534,4.09345723878734,4.0934588644268,4.09344901682858,4.09345250294466
2310,4.08892631530762,4.09345749743476,4.09345911781581,4.09344929347679,4.09345277135795
2311,4.08888912200928,4.09345775546812,4.09345937060661,4.09344956947124,4.09345303913716
2312,4.08902883529663,4.09345801288889,4.09345962280064,4.09344984481349,4.09345330628379
2313,4.0887975692749,4.09345826969854,4.09345987439931,4.09345011950511,4.09345357279936
2314,4.08891868591309,4.09345852589854,4.09346012540406,4.09345039354764,4.09345383868538
2315,4.08899831771851,4.09345878149035,4.09346037581628,4.09345066694264,4.09345410394334
2316,4.08888626098633,4.09345903647544,4.0934606256374,4.09345093969166,4.09345436857476
2317,4.08890533447266,4.09345929085525,4.09346087486883,4.09345121179625,4.09345463258112
2318,4.08883047103882,4.09345954463125,4.09346112351197,4.09345148325794,4.09345489596392
2319,4.08901166915894,4.09345979780487,4.09346137156823,4.09345175407826,4.09345515872466
2320,4.08901834487915,4.09346005037756,4.09346161903901,4.09345202425876,4.0934554208648
2321,4.08890962600708,4.09346030235077,4.09346186592569,4.09345229380096,4.09345568238585
2322,4.08886003494263,4.09346055372594,4.09346211222969,4.09345256270639,4.09345594328927
2323,4.08889770507812,4.09346080450449,4.09346235795238,4.09345283097656,4.09345620357654
2324,4.0889105796814,4.09346105468786,4.09346260309516,4.093453098613,4.09345646324914
2325,4.08894300460815,4.09346130427748,4.0934628476594,4.09345336561722,4.09345672230852
2326,4.08884906768799,4.09346155327477,4.09346309164648,4.09345363199074,4.09345698075616
2327,4.08878707885742,4.09346180168115,4.09346333505778,4.09345389773505,4.09345723859351
2328,4.08899259567261,4.09346204949804,4.09346357789468,4.09345416285166,4.09345749582204
2329,4.08886194229126,4.09346229672685,4.09346382015855,4.09345442734207,4.09345775244318
2330,4.08893775939941,4.09346254336899,4.09346406185074,4.09345469120778,4.09345800845841
2331,4.08890628814697,4.09346278942587,4.09346430297262,4.09345495445028,4.09345826386916
2332,4.08887577056885,4.09346303489889,4.09346454352555,4.09345521707105,4.09345851867686
2333,4.08881568908691,4.09346327978945,4.0934647835109,4.09345547907158,4.09345877288297
2334,4.08885860443115,4.09346352409895,4.09346502293,4.09345574045336,4.09345902648893
2335,4.08888721466064,4.09346376782878,4.09346526178421,4.09345600121786,4.09345927949615
2336,4.08887958526611,4.09346401098033,4.09346550007488,4.09345626136656,4.09345953190607
2337,4.08900785446167,4.09346425355499,4.09346573780335,4.09345652090091,4.09345978372012
2338,4.08903503417969,4.09346449555414,4.09346597497096,4.0934567798224,4.09346003493972
2339,4.08895397186279,4.09346473697915,4.09346621157904,4.09345703813249,4.09346028556627
2340,4.0889630317688,4.09346497783141,4.09346644762894,4.09345729583263,4.09346053560122
2341,4.08888006210327,4.09346521811229,4.09346668312197,4.09345755292428,4.09346078504595
2342,4.08896207809448,4.09346545782315,4.09346691805946,4.09345780940889,4.09346103390188
2343,4.08881950378418,4.09346569696536,4.09346715244275,4.09345806528792,4.09346128217042
2344,4.08895778656006,4.0934659355403,4.09346738627314,4.0934583205628,4.09346152985296
2345,4.08894634246826,4.0934661735493,4.09346761955196,4.09345857523499,4.09346177695091
2346,4.08884286880493,4.09346641099373,4.09346785228053,4.09345882930591,4.09346202346565
2347,4.08905410766602,4.09346664787495,4.09346808446014,4.093459082777,4.09346226939858
2348,4.08901500701904,4.09346688419429,4.09346831609211,4.0934593356497,4.09346251475109
2349,4.08886957168579,4.09346711995312,4.09346854717775,4.09345958792543,4.09346275952456
2350,4.08902263641357,4.09346735515276,4.09346877771835,4.09345983960562,4.09346300372037
2351,4.08892726898193,4.09346758979456,4.09346900771521,4.09346009069168,4.09346324733989
2352,4.08888387680054,4.09346782387986,4.09346923716963,4.09346034118504,4.09346349038451
2353,4.08891773223877,4.09346805740999,4.09346946608289,4.09346059108711,4.0934637328556
2354,4.08890962600708,4.09346829038628,4.09346969445629,4.0934608403993,4.09346397475451
2355,4.08896970748901,4.09346852281005,4.09346992229112,4.09346108912301,4.09346421608262
2356,4.08885669708252,4.09346875468262,4.09347014958865,4.09346133725965,4.09346445684128
2357,4.08888626098633,4.09346898600533,4.09347037635017,4.09346158481063,4.09346469703186
2358,4.08896207809448,4.09346921677948,4.09347060257694,4.09346183177733,4.0934649366557
2359,4.08899259567261,4.09346944700639,4.09347082827025,4.09346207816115,4.09346517571416
2360,4.08900356292725,4.09346967668736,4.09347105343137,4.09346232396348,4.09346541420858
2361,4.08892726898193,4.09346990582371,4.09347127806155,4.09346256918572,4.09346565214031
2362,4.08887672424316,4.09347013441674,4.09347150216207,4.09346281382923,4.0934658895107
2363,4.08891868591309,4.09347036246774,4.09347172573418,4.0934630578954,4.09346612632107
2364,4.08890104293823,4.09347058997803,4.09347194877914,4.09346330138561,4.09346636257276
2365,4.08904027938843,4.09347081694888,4.09347217129821,4.09346354430123,4.09346659826711
2366,4.08894538879395,4.0934710433816,4.09347239329264,4.09346378664363,4.09346683340544
2367,4.08894824981689,4.09347126927746,4.09347261476367,4.09346402841418,4.09346706798907
2368,4.08892965316772,4.09347149463777,4.09347283571256,4.09346426961424,4.09346730201934
2369,4.0888934135437,4.09347171946378,4.09347305614054,4.09346451024517,4.09346753549755
2370,4.08897686004639,4.0934719437568,4.09347327604886,4.09346475030832,4.09346776842502
2371,4.08893060684204,4.09347216751808,4.09347349543874,4.09346498980506,4.09346800080306
2372,4.08886528015137,4.09347239074891,4.09347371431143,4.09346522873672,4.09346823263298
2373,4.0888843536377,4.09347261345055,4.09347393266816,4.09346546710466,4.09346846391609
2374,4.08892822265625,4.09347283562427,4.09347415051014,4.09346570491022,4.09346869465369
2375,4.08893394470215,4.09347305727133,4.09347436783861,4.09346594215474,4.09346892484709
2376,4.08894872665405,4.09347327839299,4.0934745846548,4.09346617883956,4.09346915449756
2377,4.0888500213623,4.09347349899051,4.0934748009599,4.09346641496601,4.09346938360641
2378,4.08893156051636,4.09347371906514,4.09347501675515,4.09346665053542,4.09346961217493
2379,4.08897399902344,4.09347393861813,4.09347523204175,4.09346688554911,4.09346984020441
2380,4.08898544311523,4.09347415765074,4.09347544682092,4.09346712000842,4.09347006769612
2381,4.08898639678955,4.0934743761642,4.09347566109386,4.09346735391467,4.09347029465135
2382,4.08878898620605,4.09347459415976,4.09347587486177,4.09346758726916,4.09347052107137
2383,4.08886480331421,4.09347481163865,4.09347608812587,4.09346782007322,4.09347074695747
2384,4.0889949798584,4.09347502860212,4.09347630088733,4.09346805232815,4.0934709723109
2385,4.08894729614258,4.09347524505139,4.09347651314736,4.09346828403526,4.09347119713295
2386,4.08877515792847,4.09347546098769,4.09347672490715,4.09346851519587,4.09347142142486
2387,4.08887147903442,4.09347567641225,4.0934769361679,4.09346874581126,4.09347164518791
2388,4.0889105796814,4.0934758913263,4.09347714693078,4.09346897588274,4.09347186842336
2389,4.08878993988037,4.09347610573105,4.09347735719699,4.09346920541161,4.09347209113245
2390,4.08887481689453,4.09347631962773,4.09347756696769,4.09346943439915,4.09347231331645
2391,4.08904457092285,4.09347653301754,4.09347777624407,4.09346966284666,4.0934725349766
2392,4.08894014358521,4.0934767459017,4.09347798502731,4.09346989075542,4.09347275611414
2393,4.08883047103882,4.09347695828142,4.09347819331858,4.0934701181267,4.09347297673033
2394,4.08887434005737,4.0934771701579,4.09347840111904,4.09347034496181,4.09347319682641
2395,4.08888387680054,4.09347738153234,4.09347860842986,4.093470571262,4.0934734164036
2396,4.08896112442017,4.09347759240596,4.09347881525221,4.09347079702855,4.09347363546314
2397,4.08891677856445,4.09347780277993,4.09347902158724,4.09347102226274,4.09347385400628
2398,4.08891677856445,4.09347801265547,4.09347922743613,4.09347124696583,4.09347407203422
2399,4.0889835357666,4.09347822203375,4.09347943280001,4.09347147113908,4.09347428954821
2400,4.08895254135132,4.09347843091597,4.09347963768004,4.09347169478376,4.09347450654946
2401,4.0889949798584,4.09347863930331,4.09347984207738,4.09347191790112,4.0934747230392
2402,4.08892345428467,4.09347884719696,4.09348004599317,4.09347214049242,4.09347493901863
2403,4.0889835357666,4.0934790545981,4.09348024942854,4.0934723625589,4.09347515448897
2404,4.08889055252075,4.09347926150789,4.09348045238466,4.09347258410183,4.09347536945145
2405,4.08899593353271,4.09347946792752,4.09348065486265,4.09347280512244,4.09347558390725
2406,4.08883571624756,4.09347967385816,4.09348085686365,4.09347302562198,4.09347579785758
2407,4.08891916275024,4.09347987930097,4.09348105838879,4.09347324560169,4.09347601130366
2408,4.0889253616333,4.09348008425712,4.0934812594392,4.09347346506281,4.09347622424668
2409,4.08892440795898,4.09348028872778,4.09348146001602,4.09347368400655,4.09347643668782
2410,4.0887975692749,4.0934804927141,4.09348166012036,4.09347390243418,4.0934766486283
2411,4.08899402618408,4.09348069621724,4.09348185975334,4.09347412034689,4.0934768600693
2412,4.08895587921143,4.09348089923835,4.0934820589161,4.09347433774593,4.093477071012
2413,4.08882188796997,4.09348110177859,4.09348225760974,4.09347455463251,4.09347728145759
2414,4.08891153335571,4.0934813038391,4.09348245583537,4.09347477100786,4.09347749140725
2415,4.08890819549561,4.09348150542103,4.09348265359412,4.09347498687318,4.09347770086216
2416,4.08887958526611,4.09348170652552,4.09348285088708,4.09347520222969,4.0934779098235
2417,4.08883571624756,4.09348190715372,4.09348304771537,4.09347541707861,4.09347811829244
2418,4.08890724182129,4.09348210730676,4.09348324408009,4.09347563142113,4.09347832627015
2419,4.08886957168579,4.09348230698577,4.09348343998233,4.09347584525847,4.0934785337578
2420,4.08893585205078,4.09348250619189,4.0934836354232,4.09347605859182,4.09347874075655
2421,4.08886098861694,4.09348270492625,4.09348383040379,4.09347627142239,4.09347894726756
2422,4.08891344070435,4.09348290318996,4.0934840249252,4.09347648375136,4.093479153292
2423,4.08900117874146,4.09348310098417,4.09348421898851,4.09347669557993,4.09347935883102
2424,4.08896017074585,4.09348329830998,4.09348441259481,4.09347690690929,4.09347956388578
2425,4.08911514282227,4.09348349516851,4.09348460574519,4.09347711774063,4.09347976845741
2426,4.08884048461914,4.09348369156089,4.09348479844073,4.09347732807514,4.09347997254708
2427,4.08897399902344,4.09348388748822,4.09348499068251,4.09347753791398,4.09348017615593
2428,4.08898115158081,4.09348408295161,4.0934851824716,4.09347774725835,4.0934803792851
2429,4.08888912200928,4.09348427795217,4.09348537380909,4.09347795610941,4.09348058193573
2430,4.08897924423218,4.09348447249101,4.09348556469603,4.09347816446834,4.09348078410895
2431,4.08889579772949,4.09348466656923,4.09348575513351,4.09347837233631,4.0934809858059
2432,4.0890212059021,4.09348486018793,4.09348594512258,4.09347857971448,4.09348118702772
2433,4.08898448944092,4.09348505334819,4.09348613466432,4.09347878660402,4.09348138777553
2434,4.08890390396118,4.09348524605113,4.09348632375978,4.0934789930061,4.09348158805045
2435,4.08896207809448,4.09348543829782,4.09348651241002,4.09347919892186,4.09348178785361
2436,4.08893489837646,4.09348563008937,4.09348670061611,4.09347940435246,4.09348198718613
2437,4.08895254135132,4.09348582142685,4.09348688837908,4.09347960929907,4.09348218604913
2438,4.08897590637207,4.09348601231134,4.0934870757,4.09347981376282,4.09348238444373
2439,4.08895301818848,4.09348620274393,4.09348726257991,4.09348001774487,4.09348258237103
2440,4.08893775939941,4.0934863927257,4.09348744901986,4.09348022124635,4.09348277983214
2441,4.08891582489014,4.09348658225772,4.0934876350209,4.09348042426842,4.09348297682818
2442,4.08897686004639,4.09348677134107,4.09348782058405,4.09348062681221,4.09348317336024
2443,4.08901691436768,4.09348695997681,4.09348800571037,4.09348082887885,4.09348336942944
2444,4.08895921707153,4.09348714816602,4.09348819040089,4.09348103046948,4.09348356503685
2445,4.08889436721802,4.09348733590975,4.09348837465664,4.09348123158523,4.0934837601836
2446,4.08893489837646,4.09348752320908,4.09348855847866,4.09348143222723,4.09348395487076
2447,4.08897924423218,4.09348771006505,4.09348874186797,4.0934816323966,4.09348414909943
2448,4.08886623382568,4.09348789647874,4.0934889248256,4.09348183209447,4.09348434287069
2449,4.08896446228027,4.09348808245119,4.09348910735257,4.09348203132196,4.09348453618564
2450,4.08886623382568,4.09348826798345,4.0934892894499,4.09348223008018,4.09348472904535
2451,4.08882570266724,4.09348845307658,4.09348947111862,4.09348242837025,4.09348492145091
2452,4.0889778137207,4.09348863773163,4.09348965235974,4.09348262619327,4.0934851134034
2453,4.08890295028687,4.09348882194963,4.09348983317427,4.09348282355036,4.09348530490389
2454,4.08906888961792,4.09348900573163,4.09349001356322,4.09348302044263,4.09348549595344
2455,4.08888721466064,4.09348918907867,4.09349019352761,4.09348321687118,4.09348568655315
2456,4.08903646469116,4.09348937199179,4.09349037306844,4.0934834128371,4.09348587670406
2457,4.0888786315918,4.09348955447202,4.09349055218672,4.09348360834151,4.09348606640724
2458,4.08897399902344,4.09348973652039,4.09349073088344,4.09348380338549,4.09348625566377
2459,4.08892440795898,4.09348991813794,4.0934909091596,4.09348399797013,4.09348644447469
2460,4.08893251419067,4.09349009932568,4.09349108701622,4.09348419209653,4.09348663284107
2461,4.08902263641357,4.09349028008465,4.09349126445426,4.09348438576578,4.09348682076395
2462,4.08894014358521,4.09349046041587,4.09349144147474,4.09348457897895,4.09348700824441
2463,4.08894634246826,4.09349064032036,4.09349161807864,4.09348477173714,4.09348719528347
2464,4.08888387680054,4.09349081979913,4.09349179426694,4.09348496404142,4.09348738188219
2465,4.08892297744751,4.0934909988532,4.09349197004064,4.09348515589287,4.09348756804162
2466,4.08899927139282,4.09349117748357,4.09349214540071,4.09348534729257,4.09348775376279
2467,4.08903503417969,4.09349135569128,4.09349232034814,4.09348553824158,4.09348793904675
2468,4.08882999420166,4.09349153347731,4.0934924948839,4.09348572874098,4.09348812389453
2469,4.088951587677,4.09349171084267,4.09349266900897,4.09348591879183,4.09348830830717
2470,4.08902168273926,4.09349188778837,4.09349284272432,4.0934861083952,4.09348849228569
2471,4.089026927948,4.09349206431541,4.09349301603093,4.09348629755215,4.09348867583114
2472,4.08899831771851,4.09349224042477,4.09349318892975,4.09348648626374,4.09348885894453
2473,4.08890819549561,4.09349241611748,4.09349336142176,4.09348667453102,4.0934890416269
2474,4.08888912200928,4.0934925913945,4.09349353350793,4.09348686235506,4.09348922387926
2475,4.08904123306274,4.09349276625683,4.09349370518921,4.09348704973689,4.09348940570263
2476,4.0889835357666,4.09349294070547,4.09349387646656,4.09348723667758,4.09348958709803
2477,4.08897161483765,4.09349311474139,4.09349404734094,4.09348742317817,4.09348976806648
2478,4.08892965316772,4.09349328836558,4.09349421781331,4.09348760923969,4.09348994860898
2479,4.08895826339722,4.09349346157902,4.09349438788461,4.0934877948632,4.09349012872655
2480,4.08895254135132,4.0934936343827,4.0934945575558,4.09348798004973,4.0934903084202
2481,4.08901166915894,4.09349380677757,4.09349472682783,4.09348816480032,4.09349048769093
2482,4.08890199661255,4.09349397876463,4.09349489570163,4.093488349116,4.09349066653975
2483,4.0889105796814,4.09349415034484,4.09349506417816,4.09348853299781,4.09349084496764
2484,4.08892726898193,4.09349432151917,4.09349523225835,4.09348871644677,4.09349102297562
2485,4.0888671875,4.09349449228858,4.09349539994315,4.0934888994639,4.09349120056467
2486,4.08894300460815,4.09349466265405,4.09349556723349,4.09348908205024,4.09349137773579
2487,4.08896350860596,4.09349483261653,4.0934957341303,4.09348926420681,4.09349155448998
2488,4.08891868591309,4.09349500217698,4.09349590063452,4.09348944593462,4.09349173082821
2489,4.08898019790649,4.09349517133637,4.09349606674707,4.0934896272347,4.09349190675148
2490,4.08887481689453,4.09349534009564,4.09349623246889,4.09348980810805,4.09349208226076
2491,4.08892822265625,4.09349550845575,4.0934963978009,4.09348998855568,4.09349225735705
2492,4.08890628814697,4.09349567641765,4.09349656274402,4.09349016857862,4.09349243204131
2493,4.08896970748901,4.09349584398229,4.09349672729917,4.09349034817786,4.09349260631453
2494,4.0889687538147,4.09349601115061,4.09349689146727,4.0934905273544,4.09349278017768
2495,4.08890962600708,4.09349617792356,4.09349705524924,4.09349070610926,4.09349295363173
2496,4.08894968032837,4.09349634430208,4.093497218646,4.09349088444343,4.09349312667765
2497,4.08893823623657,4.09349651028711,4.09349738165845,4.0934910623579,4.09349329931641
2498,4.08898735046387,4.09349667587957,4.0934975442875,4.09349123985368,4.09349347154897
2499,4.08899593353271,4.09349684108043,4.09349770653407,4.09349141693175,4.09349364337629
2500,4.08888816833496,4.09349700589059,4.09349786839905,4.09349159359311,4.09349381479934
2501,4.08902883529663,4.09349717031099,4.09349802988335,4.09349176983874,4.09349398581908
2502,4.08887958526611,4.09349733434257,4.09349819098788,4.09349194566963,4.09349415643645
2503,4.089026927948,4.09349749798624,4.09349835171352,4.09349212108676,4.09349432665241
2504,4.08901691436768,4.09349766124293,4.09349851206119,4.09349229609111,4.09349449646791
2505,4.08888530731201,4.09349782411357,4.09349867203177,4.09349247068366,4.09349466588391
2506,4.0890679359436,4.09349798659905,4.09349883162615,4.09349264486539,4.09349483490134
2507,4.08897590637207,4.09349814870032,4.09349899084523,4.09349281863727,4.09349500352116
2508,4.08899831771851,4.09349831041828,4.09349914968989,4.09349299200027,4.0934951717443
2509,4.08896017074585,4.09349847175384,4.09349930816102,4.09349316495535,4.0934953395717
2510,4.08901691436768,4.09349863270791,4.09349946625951,4.0934933375035,4.09349550700431
2511,4.08905649185181,4.0934987932814,4.09349962398623,4.09349350964567,4.09349567404304
2512,4.08906269073486,4.09349895347523,4.09349978134207,4.09349368138281,4.09349584068885
2513,4.08894968032837,4.09349911329028,4.0934999383279,4.0934938527159,4.09349600694266
2514,4.08901500701904,4.09349927272746,4.0935000949446,4.0934940236459,4.09349617280539
2515,4.08896541595459,4.09349943178767,4.09350025119304,4.09349419417374,4.09349633827798
2516,4.08894014358521,4.09349959047181,4.0935004070741,4.09349436430039,4.09349650336134
2517,4.08906888961792,4.09349974878078,4.09350056258864,4.0934945340268,4.09349666805641
2518,4.08891344070435,4.09349990671546,4.09350071773753,4.09349470335392,4.09349683236409
2519,4.08895063400269,4.09350006427674,4.09350087252164,4.09349487228268,4.09349699628531
2520,4.08894872665405,4.09350022146552,4.09350102694182,4.09349504081405,4.09349715982098
2521,4.08889055252075,4.09350037828268,4.09350118099895,4.09349520894895,4.09349732297202
2522,4.08895254135132,4.09350053472911,4.09350133469387,4.09349537668832,4.09349748573933
2523,4.08899593353271,4.09350069080568,4.09350148802745,4.09349554403311,4.09349764812382
2524,4.08894729614258,4.09350084651328,4.09350164100054,4.09349571098424,4.0934978101264
2525,4.08890533447266,4.09350100185278,4.09350179361399,4.09349587754266,4.09349797174798
2526,4.08897066116333,4.09350115682506,4.09350194586866,4.09349604370928,4.09349813298945
2527,4.08908033370972,4.093501311431,4.09350209776539,4.09349620948504,4.09349829385171
2528,4.08901500701904,4.09350146567146,4.09350224930502,4.09349637487087,4.09349845433567
2529,4.08890819549561,4.09350161954732,4.09350240048842,4.09349653986768,4.09349861444222
2530,4.0889139175415,4.09350177305943,4.09350255131641,4.09349670447639,4.09349877417225
2531,4.08894300460815,4.09350192620868,4.09350270178983,4.09349686869794,4.09349893352666
2532,4.08901929855347,4.09350207899591,4.09350285190953,4.09349703253322,4.09349909250632
2533,4.08897066116333,4.093502231422,4.09350300167634,4.09349719598317,4.09349925111214
2534,4.08904886245728,4.09350238348779,4.0935031510911,4.09349735904868,4.09349940934499
2535,4.08902788162231,4.09350253519415,4.09350330015464,4.09349752173068,4.09349956720575
2536,4.08895778656006,4.09350268654194,4.09350344886779,4.09349768403006,4.09349972469531
2537,4.08892297744751,4.09350283753199,4.09350359723138,4.09349784594774,4.09349988181455
2538,4.089026927948,4.09350298816517,4.09350374524623,4.09349800748462,4.09350003856434
2539,4.0889630317688,4.09350313844233,4.09350389291317,4.09349816864159,4.09350019494555
2540,4.0890531539917,4.0935032883643,4.09350404023303,4.09349832941956,4.09350035095907
2541,4.08894300460815,4.09350343793194,4.09350418720661,4.09349848981943,4.09350050660575
2542,4.08889579772949,4.09350358714609,4.09350433383475,4.09349864984209,4.09350066188647
2543,4.08894729614258,4.09350373600758,4.09350448011826,4.09349880948843,4.09350081680209
2544,4.08899688720703,4.09350388451726,4.09350462605795,4.09349896875935,4.09350097135348
2545,4.08895397186279,4.09350403267596,4.09350477165463,4.09349912765573,4.0935011255415
2546,4.08896112442017,4.09350418048451,4.09350491690913,4.09349928617846,4.093501279367
2547,4.08902025222778,4.09350432794376,4.09350506182223,4.09349944432842,4.09350143283085
2548,4.08895921707153,4.09350447505453,4.09350520639477,4.0934996021065,4.0935015859339
2549,4.08893346786499,4.09350462181764,4.09350535062753,4.09349975951357,4.093501738677
2550,4.08905220031738,4.09350476823393,4.09350549452132,4.09349991655052,4.09350189106102
2551,4.08902454376221,4.09350491430422,4.09350563807694,4.09350007321822,4.09350204308678
2552,4.08887338638306,4.09350506002933,4.0935057812952,4.09350022951754,4.09350219475515
2553,4.08892440795898,4.09350520541008,4.09350592417688,4.09350038544935,4.09350234606696
2554,4.08903741836548,4.09350535044729,4.09350606672279,4.09350054101453,4.09350249702307
2555,4.089026927948,4.09350549514177,4.09350620893372,4.09350069621394,4.09350264762431
2556,4.08889245986938,4.09350563949435,4.09350635081046,4.09350085104845,4.09350279787152
2557,4.08901834487915,4.09350578350583,4.0935064923538,4.09350100551892,4.09350294776555
2558,4.08897829055786,4.09350592717703,4.09350663356452,4.09350115962621,4.09350309730721
2559,4.08897066116333,4.09350607050875,4.09350677444342,4.09350131337119,4.09350324649736
2560,4.089035987854,4.0935062135018,4.09350691499128,4.0935014667547,4.09350339533681
2561,4.08897686004639,4.09350635615698,4.09350705520888,4.0935016197776,4.0935035438264
2562,4.08900785446167,4.09350649847511,4.093507195097,4.09350177244075,4.09350369196696
2563,4.08901071548462,4.09350664045697,4.09350733465641,4.093501924745,4.09350383975931
2564,4.08892107009888,4.09350678210336,4.09350747388791,4.0935020766912,4.09350398720427
2565,4.08911991119385,4.0935069234151,4.09350761279226,4.09350222828019,4.09350413430267
2566,4.08885765075684,4.09350706439296,4.09350775137023,4.09350237951282,4.09350428105532
2567,4.08891868591309,4.09350720503775,4.09350788962259,4.09350253038992,4.09350442746305
2568,4.08894538879395,4.09350734535025,4.09350802755012,4.09350268091235,4.09350457352667
2569,4.08903217315674,4.09350748533125,4.09350816515358,4.09350283108095,4.09350471924699
2570,4.08892726898193,4.09350762498155,4.09350830243374,4.09350298089654,4.09350486462482
2571,4.08892440795898,4.09350776430192,4.09350843939136,4.09350313035996,4.09350500966097
2572,4.0890941619873,4.09350790329315,4.0935085760272,4.09350327947205,4.09350515435626
2573,4.0890097618103,4.09350804195603,4.09350871234202,4.09350342823363,4.09350529871148
2574,4.0889778137207,4.09350818029133,4.09350884833659,4.09350357664554,4.09350544272744
2575,4.08897590637207,4.09350831829983,4.09350898401166,4.0935037247086,4.09350558640495
2576,4.08897829055786,4.09350845598231,4.09350911936797,4.09350387242364,4.0935057297448
2577,4.08903074264526,4.09350859333954,4.0935092544063,4.09350401979147,4.09350587274779
2578,4.08890390396118,4.09350873037229,4.09350938912738,4.09350416681293,4.09350601541471
2579,4.0889253616333,4.09350886708134,4.09350952353197,4.09350431348883,4.09350615774637
2580,4.08910608291626,4.09350900346746,4.09350965762081,4.09350445981999,4.09350629974355
2581,4.08893394470215,4.0935091395314,4.09350979139465,4.09350460580721,4.09350644140705
2582,4.08895826339722,4.09350927527394,4.09350992485423,4.09350475145132,4.09350658273765
2583,4.08909559249878,4.09350941069584,4.0935100580003,4.09350489675313,4.09350672373613
2584,4.08888816833496,4.09350954579786,4.0935101908336,4.09350504171344,4.0935068644033
2585,4.08897161483765,4.09350968058076,4.09351032335486,4.09350518633306,4.09350700473992
2586,4.08894443511963,4.0935098150453,4.09351045556482,4.0935053306128,4.09350714474678
2587,4.08897304534912,4.09350994919223,4.09351058746422,4.09350547455347,4.09350728442465
2588,4.08907842636108,4.09351008302232,4.09351071905379,4.09350561815586,4.09350742377432
2589,4.08904790878296,4.0935102165363,4.09351085033426,4.09350576142077,4.09350756279656
2590,4.08897829055786,4.09351034973494,4.09351098130636,4.09350590434899,4.09350770149215
2591,4.0890212059021,4.09351048261897,4.09351111197083,4.09350604694134,4.09350783986185
2592,4.08891487121582,4.09351061518915,4.09351124232837,4.09350618919859,4.09350797790644
2593,4.08899831771851,4.09351074744623,4.09351137237973,4.09350633112155,4.09350811562668
2594,4.0889687538147,4.09351087939094,4.09351150212563,4.093506472711,4.09350825302335
2595,4.08898782730103,4.09351101102403,4.09351163156678,4.09350661396773,4.0935083900972
2596,4.08903837203979,4.09351114234623,4.0935117607039,4.09350675489252,4.09350852684899
2597,4.08896112442017,4.09351127335829,4.09351188953772,4.09350689548616,4.0935086632795
2598,4.0888843536377,4.09351140406094,4.09351201806894,4.09350703574944,4.09350879938947
2599,4.08908557891846,4.09351153445493,4.09351214629829,4.09350717568313,4.09350893517967
2600,4.08909130096436,4.09351166454096,4.09351227422647,4.09350731528802,4.09350907065084
2601,4.08891248703003,4.09351179431979,4.0935124018542,4.09350745456487,4.09350920580375
2602,4.08906126022339,4.09351192379214,4.09351252918218,4.09350759351447,4.09350934063915
2603,4.08901166915894,4.09351205295873,4.09351265621113,4.09350773213759,4.09350947515778
2604,4.08897256851196,4.0935121818203,4.09351278294174,4.09350787043499,4.09350960936039
2605,4.08896541595459,4.09351231037756,4.09351290937473,4.09350800840746,4.09350974324774
2606,4.08898115158081,4.09351243863125,4.09351303551079,4.09350814605575,4.09350987682056
2607,4.08899688720703,4.09351256658207,4.09351316135063,4.09350828338064,4.09351001007959
2608,4.08888721466064,4.09351269423075,4.09351328689495,4.09350842038288,4.09351014302559
2609,4.08895254135132,4.093512821578,4.09351341214444,4.09350855706324,4.09351027565928
2610,4.08898973464966,4.09351294862455,4.0935135370998,4.09350869342247,4.09351040798141
2611,4.08904027938843,4.0935130753711,4.09351366176172,4.09350882946135,4.09351053999271
2612,4.08902883529663,4.09351320181836,4.0935137861309,4.09350896518062,4.09351067169391
2613,4.08902645111084,4.09351332796706,4.09351391020802,4.09350910058104,4.09351080308575
2614,4.08899736404419,4.09351345381788,4.09351403399378,4.09350923566337,4.09351093416896
2615,4.08891344070435,4.09351357937155,4.09351415748886,4.09350937042834,4.09351106494427
2616,4.08904695510864,4.09351370462877,4.09351428069395,4.09350950487672,4.0935111954124
2617,4.08894348144531,4.09351382959024,4.09351440360974,4.09350963900925,4.09351132557408
2618,4.08903837203979,4.09351395425666,4.0935145262369,4.09350977282668,4.09351145543003
2619,4.08908271789551,4.09351407862873,4.09351464857612,4.09350990632975,4.09351158498097
2620,4.0889630317688,4.09351420270715,4.09351477062808,4.09351003951921,4.09351171422763
2621,4.08909749984741,4.09351432649262,4.09351489239344,4.09351017239578,4.09351184317073
2622,4.08901500701904,4.09351444998584,4.0935150138729,4.09351030496023,4.09351197181097
2623,4.08900690078735,4.09351457318748,4.09351513506713,4.09351043721327,4.09351210014908
2624,4.08902168273926,4.09351469609826,4.0935152559768,4.09351056915565,4.09351222818576
2625,4.08902978897095,4.09351481871885,4.09351537660257,4.0935107007881,4.09351235592174
2626,4.08891344070435,4.09351494104996,4.09351549694512,4.09351083211135,4.09351248335771
2627,4.08906030654907,4.09351506309225,4.09351561700512,4.09351096312613,4.09351261049439
2628,4.08912086486816,4.09351518484642,4.09351573678324,4.09351109383317,4.09351273733248
2629,4.08906555175781,4.09351530631315,4.09351585628013,4.0935112242332,4.0935128638727
2630,4.08896207809448,4.09351542749313,4.09351597549647,4.09351135432694,4.09351299011573
2631,4.08896636962891,4.09351554838703,4.09351609443291,4.09351148411511,4.09351311606229
2632,4.08900880813599,4.09351566899553,4.09351621309011,4.09351161359844,4.09351324171307
2633,4.08904457092285,4.09351578931932,4.09351633146874,4.09351174277764,4.09351336706877
2634,4.08895063400269,4.09351590935905,4.09351644956945,4.09351187165344,4.09351349213009
2635,4.08905220031738,4.09351602911542,4.09351656739289,4.09351200022655,4.09351361689773
2636,4.08905410766602,4.09351614858908,4.09351668493973,4.09351212849768,4.09351374137236
2637,4.08900117874146,4.09351626778072,4.0935168022106,4.09351225646755,4.0935138655547
2638,4.08898878097534,4.09351638669099,4.09351691920617,4.09351238413688,4.09351398944542
2639,4.08895492553711,4.09351650532058,4.09351703592708,4.09351251150635,4.09351411304522
2640,4.08896732330322,4.09351662367013,4.09351715237398,4.09351263857669,4.09351423635477
2641,4.08903646469116,4.09351674174033,4.09351726854752,4.09351276534861,4.09351435937478
2642,4.08895778656006,4.09351685953182,4.09351738444834,4.0935128918228,4.09351448210591
2643,4.08901739120483,4.09351697704527,4.09351750007708,4.09351301799997,4.09351460454886
2644,4.088951587677,4.09351709428135,4.0935176154344,4.09351314388083,4.09351472670429
2645,4.08897256851196,4.0935172112407,4.09351773052091,4.09351326946606,4.0935148485729
2646,4.0889368057251,4.09351732792398,4.09351784533727,4.09351339475636,4.09351497015535
2647,4.08885860443115,4.09351744433185,4.09351795988411,4.09351351975245,4.09351509145232
2648,4.08896446228027,4.09351756046496,4.09351807416207,4.093513644455,4.09351521246449
2649,4.08895778656006,4.09351767632397,4.09351818817178,4.0935137688647,4.09351533319253
2650,4.08901500701904,4.09351779190952,4.09351830191388,4.09351389298227,4.0935154536371
2651,4.08887767791748,4.09351790722226,4.09351841538898,4.09351401680837,4.09351557379888
2652,4.08910608291626,4.09351802226284,4.09351852859774,4.0935141403437,4.09351569367853
2653,4.08897256851196,4.0935181370319,4.09351864154076,4.09351426358895,4.09351581327673
2654,4.08898210525513,4.09351825153009,4.09351875421869,4.09351438654479,4.09351593259412
2655,4.08902359008789,4.09351836575805,4.09351886663214,4.09351450921192,4.09351605163138
2656,4.08899736404419,4.09351847971641,4.09351897878173,4.09351463159101,4.09351617038916
2657,4.08903074264526,4.09351859340583,4.09351909066809,4.09351475368275,4.09351628886813
2658,4.08902025222778,4.09351870682693,4.09351920229185,4.0935148754878,4.09351640706895
2659,4.0889835357666,4.09351881998036,4.09351931365361,4.09351499700686,4.09351652499226
2660,4.0890679359436,4.09351893286674,4.093519424754,4.09351511824058,4.09351664263873
2661,4.0889949798584,4.09351904548671,4.09351953559364,4.09351523918966,4.093516760009
2662,4.08896970748901,4.09351915784091,4.09351964617313,4.09351535985474,4.09351687710373
2663,4.08897256851196,4.09351926992995,4.09351975649309,4.09351548023652,4.09351699392357
2664,4.08903408050537,4.09351938175448,4.09351986655413,4.09351560033565,4.09351711046917
2665,4.08901071548462,4.09351949331511,4.09351997635687,4.09351572015281,4.09351722674117
2666,4.08899593353271,4.09351960461248,4.09352008590191,4.09351583968865,4.09351734274021
2667,4.08892202377319,4.0935197156472,4.09352019518986,4.09351595894384,4.09351745846695
2668,4.08893251419067,4.0935198264199,4.09352030422132,4.09351607791905,4.09351757392203
2669,4.08896636962891,4.09351993693121,4.0935204129969,4.09351619661493,4.09351768910608
2670,4.08900260925293,4.09352004718173,4.09352052151721,4.09351631503214,4.09351780401974
2671,4.08903646469116,4.09352015717209,4.09352062978284,4.09351643317135,4.09351791866365
2672,4.08906888961792,4.0935202669029,4.0935207377944,4.09351655103319,4.09351803303845
2673,4.08894443511963,4.09352037637478,4.09352084555247,4.09351666861834,4.09351814714478
2674,4.08902263641357,4.09352048558835,4.09352095305767,4.09351678592744,4.09351826098325
2675,4.08898878097534,4.09352059454421,4.09352106031059,4.09351690296115,4.09351837455452
2676,4.08910274505615,4.09352070324298,4.09352116731182,4.09351701972011,4.09351848785921
2677,4.08909320831299,4.09352081168526,4.09352127406195,4.09351713620496,4.09351860089794
2678,4.08911991119385,4.09352091987167,4.09352138056158,4.09351725241637,4.09351871367134
2679,4.08895254135132,4.0935210278028,4.09352148681129,4.09351736835497,4.09351882618004
2680,4.08906126022339,4.09352113547927,4.09352159281168,4.0935174840214,4.09351893842466
2681,4.08903646469116,4.09352124290168,4.09352169856334,4.09351759941632,4.09351905040582
2682,4.08914518356323,4.09352135007063,4.09352180406684,4.09351771454035,4.09351916212416
2683,4.08906698226929,4.09352145698672,4.09352190932277,4.09351782939413,4.09351927358028
2684,4.08911228179932,4.09352156365054,4.09352201433172,4.09351794397831,4.0935193847748
2685,4.08908176422119,4.0935216700627,4.09352211909428,4.09351805829352,4.09351949570834
2686,4.08903646469116,4.0935217762238,4.09352222361101,4.0935181723404,4.09351960638152
2687,4.08908700942993,4.09352188213442,4.0935223278825,4.09351828611957,4.09351971679494
2688,4.08905601501465,4.09352198779517,4.09352243190933,4.09351839963167,4.09351982694923
2689,4.08916282653809,4.09352209320663,4.09352253569207,4.09351851287732,4.093519936845
2690,4.08914613723755,4.09352219836939,4.09352263923129,4.09351862585717,4.09352004648284
2691,4.08904886245728,4.09352230328405,4.09352274252759,4.09351873857182,4.09352015586337
2692,4.0890645980835,4.09352240795118,4.09352284558151,4.09351885102192,4.0935202649872
2693,4.08904266357422,4.09352251237139,4.09352294839364,4.09351896320807,4.09352037385494
2694,4.08907747268677,4.09352261654525,4.09352305096454,4.09351907513091,4.09352048246718
2695,4.0891547203064,4.09352272047334,4.09352315329479,4.09351918679105,4.09352059082452
2696,4.08896732330322,4.09352282415625,4.09352325538495,4.09351929818912,4.09352069892757
2697,4.08893346786499,4.09352292759456,4.09352335723558,4.09351940932572,4.09352080677693
2698,4.08897924423218,4.09352303078885,4.09352345884725,4.09351952020149,4.0935209143732
2699,4.08903169631958,4.09352313373969,4.09352356022053,4.09351963081703,4.09352102171696
2700,4.08901739120483,4.09352323644767,4.09352366135597,4.09351974117295,4.09352112880882
2701,4.08899927139282,4.09352333891335,4.09352376225413,4.09351985126988,4.09352123564938
2702,4.0891637802124,4.09352344113732,4.09352386291558,4.09351996110841,4.09352134223921
2703,4.08907079696655,4.09352354312014,4.09352396334086,4.09352007068916,4.09352144857892
2704,4.08906126022339,4.09352364486239,4.09352406353055,4.09352018001274,4.0935215546691
2705,4.08896017074585,4.09352374636463,4.09352416348519,4.09352028907974,4.09352166051032
2706,4.08903837203979,4.09352384762743,4.09352426320533,4.09352039789079,4.09352176610318
2707,4.08904647827148,4.09352394865137,4.09352436269153,4.09352050644647,4.09352187144827
2708,4.08899736404419,4.093524049437,4.09352446194434,4.0935206147474,4.09352197654616
2709,4.08912515640259,4.09352414998489,4.0935245609643,4.09352072279416,4.09352208139744
2710,4.08907842636108,4.09352425029561,4.09352465975198,4.09352083058737,4.09352218600269
2711,4.089035987854,4.09352435036971,4.09352475830791,4.09352093812762,4.09352229036249
2712,4.08897161483765,4.09352445020776,4.09352485663264,4.0935210454155,4.09352239447741
2713,4.08904361724854,4.09352454981031,4.09352495472671,4.09352115245161,4.09352249834805
2714,4.08911752700806,4.09352464917793,4.09352505259067,4.09352125923654,4.09352260197496
2715,4.08893251419067,4.09352474831116,4.09352515022506,4.09352136577089,4.09352270535873
2716,4.08907842636108,4.09352484721057,4.09352524763042,4.09352147205524,4.09352280849992
2717,4.08891344070435,4.09352494587671,4.09352534480728,4.09352157809019,4.09352291139912
2718,4.08904123306274,4.09352504431012,4.0935254417562,4.09352168387632,4.09352301405689
2719,4.08900785446167,4.09352514251137,4.0935255384777,4.09352178941422,4.09352311647379
2720,4.08902359008789,4.09352524048099,4.09352563497232,4.09352189470447,4.0935232186504
2721,4.08911418914795,4.09352533821955,4.09352573124059,4.09352199974766,4.09352332058728
2722,4.08902645111084,4.09352543572758,4.09352582728305,4.09352210454436,4.09352342228499
2723,4.08910703659058,4.09352553300563,4.09352592310022,4.09352220909517,4.09352352374411
2724,4.08903741836548,4.09352563005425,4.09352601869265,4.09352231340066,4.09352362496518
2725,4.08906269073486,4.09352572687397,4.09352611406085,4.0935224174614,4.09352372594878
2726,4.08909511566162,4.09352582346535,4.09352620920536,4.09352252127797,4.09352382669546
2727,4.08906984329224,4.09352591982893,4.0935263041267,4.09352262485096,4.09352392720578
2728,4.08899307250977,4.09352601596523,4.0935263988254,4.09352272818093,4.0935240274803
2729,4.08910369873047,4.0935261118748,4.09352649330198,4.09352283126845,4.09352412751956
2730,4.08902454376221,4.09352620755818,4.09352658755697,4.0935229341141,4.09352422732414
2731,4.08904886245728,4.09352630301589,4.09352668159088,4.09352303671844,4.09352432689457
2732,4.08906030654907,4.09352639824849,4.09352677540424,4.09352313908205,4.09352442623142
2733,4.08900451660156,4.09352649325649,4.09352686899757,4.0935232412055,4.09352452533522
2734,4.08896970748901,4.09352658804043,4.09352696237138,4.09352334308934,4.09352462420653
2735,4.08905220031738,4.09352668260084,4.09352705552619,4.09352344473413,4.0935247228459
2736,4.08896732330322,4.09352677693825,4.09352714846251,4.09352354614046,4.09352482125387
2737,4.08894109725952,4.09352687105319,4.09352724118087,4.09352364730887,4.09352491943099
2738,4.08909940719604,4.09352696494619,4.09352733368177,4.09352374823993,4.0935250173778
2739,4.0889778137207,4.09352705861776,4.09352742596573,4.0935238489342,4.09352511509485
2740,4.08910608291626,4.09352715206844,4.09352751803325,4.09352394939223,4.09352521258267
2741,4.0890679359436,4.09352724529874,4.09352760988485,4.09352404961458,4.0935253098418
2742,4.08908271789551,4.09352733830919,4.09352770152103,4.09352414960181,4.09352540687279
2743,4.08913421630859,4.0935274311003,4.09352779294231,4.09352424935446,4.09352550367617
2744,4.08914279937744,4.09352752367261,4.09352788414918,4.0935243488731,4.09352560025247
2745,4.08903217315674,4.09352761602662,4.09352797514215,4.09352444815827,4.09352569660224
2746,4.08909511566162,4.09352770816285,4.09352806592173,4.09352454721052,4.09352579272599
2747,4.08908367156982,4.09352780008182,4.09352815648841,4.0935246460304,4.09352588862428
2748,4.08900690078735,4.09352789178404,4.0935282468427,4.09352474461847,4.09352598429762
2749,4.08895921707153,4.09352798327002,4.0935283369851,4.09352484297525,4.09352607974655
2750,4.08903646469116,4.09352807454028,4.09352842691611,4.09352494110131,4.0935261749716
2751,4.08898258209229,4.09352816559532,4.09352851663622,4.09352503899717,4.09352626997329
2752,4.08913946151733,4.09352825643566,4.09352860614593,4.0935251366634,4.09352636475214
2753,4.08906364440918,4.09352834706181,4.09352869544573,4.09352523410052,4.09352645930869
2754,4.08906364440918,4.09352843747426,4.09352878453613,4.09352533130907,4.09352655364346
2755,4.08901596069336,4.09352852767353,4.09352887341761,4.09352542828959,4.09352664775696
2756,4.08902263641357,4.09352861766012,4.09352896209066,4.09352552504263,4.09352674164972
2757,4.08905935287476,4.09352870743454,4.09352905055578,4.09352562156871,4.09352683532226
2758,4.08897304534912,4.09352879699728,4.09352913881345,4.09352571786837,4.0935269287751
2759,4.08905935287476,4.09352888634884,4.09352922686416,4.09352581394214,4.09352702200876
2760,4.08906984329224,4.09352897548974,4.0935293147084,4.09352590979056,4.09352711502374
2761,4.0891547203064,4.09352906442045,4.09352940234665,4.09352600541416,4.09352720782057
2762,4.08887958526611,4.09352915314149,4.0935294897794,4.09352610081345,4.09352730039976
2763,4.08916282653809,4.09352924165335,4.09352957700714,4.09352619598899,4.09352739276182
2764,4.08895921707153,4.09352932995652,4.09352966403034,4.09352629094128,4.09352748490726
2765,4.08911561965942,4.0935294180515,4.09352975084949,4.09352638567085,4.09352757683659
2766,4.08910465240479,4.09352950593877,4.09352983746506,4.09352648017824,4.09352766855032
2767,4.08915233612061,4.09352959361884,4.09352992387754,4.09352657446396,4.09352776004897
2768,4.0890417098999,4.09352968109218,4.09353001008741,4.09352666852853,4.09352785133302
2769,4.08907222747803,4.0935297683593,4.09353009609513,4.09352676237248,4.093527942403
2770,4.08899593353271,4.09352985542067,4.09353018190119,4.09352685599632,4.0935280332594
2771,4.08899736404419,4.09352994227679,4.09353026750605,4.09352694940058,4.09352812390272
2772,4.08911418914795,4.09353002892814,4.0935303529102,4.09352704258576,4.09352821433348
2773,4.08911228179932,4.0935301153752,4.09353043811411,4.09352713555239,4.09352830455216
2774,4.08909940719604,4.09353020161846,4.09353052311824,4.09352722830098,4.09352839455926
2775,4.08908462524414,4.0935302876584,4.09353060792307,4.09352732083204,4.0935284843553
2776,4.08909559249878,4.0935303734955,4.09353069252907,4.09352741314609,4.09352857394074
2777,4.08909559249878,4.09353045913024,4.09353077693669,4.09352750524363,4.09352866331612
2778,4.0890645980835,4.0935305445631,4.09353086114642,4.09352759712518,4.0935287524819
2779,4.08899259567261,4.09353062979456,4.09353094515871,4.09352768879125,4.09352884143858
2780,4.08903503417969,4.09353071482508,4.09353102897403,4.09352778024233,4.09352893018667
2781,4.08908176422119,4.09353079965516,4.09353111259284,4.09352787147894,4.09352901872664
2782,4.08901309967041,4.09353088428526,4.09353119601561,4.09352796250158,4.09352910705898
2783,4.08905601501465,4.09353096871585,4.0935312792428,4.09352805331076,4.0935291951842
2784,4.08911943435669,4.09353105294741,4.09353136227486,4.09352814390697,4.09352928310276
2785,4.08913040161133,4.09353113698041,4.09353144511225,4.09352823429072,4.09352937081517
2786,4.08901929855347,4.09353122081531,4.09353152775545,4.09352832446252,4.0935294583219
2787,4.08892631530762,4.0935313044526,4.09353161020488,4.09352841442285,4.09352954562343
2788,4.08903312683105,4.09353138789272,4.09353169246103,4.09352850417221,4.09352963272026
2789,4.08913946151733,4.09353147113615,4.09353177452433,4.09352859371111,4.09352971961287
2790,4.08894205093384,4.09353155418336,4.09353185639525,4.09352868304003,4.09352980630172
2791,4.0891489982605,4.0935316370348,4.09353193807423,4.09352877215948,4.09352989278731
2792,4.08910799026489,4.09353171969095,4.09353201956174,4.09352886106994,4.09352997907011
2793,4.08914089202881,4.09353180215226,4.0935321008582,4.09352894977191,4.09353006515059
2794,4.08900356292725,4.0935318844192,4.09353218196409,4.09352903826587,4.09353015102925
2795,4.08895301818848,4.09353196649222,4.09353226287984,4.09352912655232,4.09353023670653
2796,4.08909940719604,4.09353204837178,4.0935323436059,4.09352921463174,4.09353032218293
2797,4.08899688720703,4.09353213005834,4.09353242414273,4.09352930250462,4.09353040745892
2798,4.08907508850098,4.09353221155236,4.09353250449075,4.09352939017145,4.09353049253497
2799,4.08909559249878,4.09353229285428,4.09353258465042,4.09352947763271,4.09353057741154
2800,4.08909320831299,4.09353237396458,4.09353266462219,4.09352956488889,4.0935306620891
2801,4.08908081054688,4.09353245488369,4.09353274440648,4.09352965194047,4.09353074656813
2802,4.0889778137207,4.09353253561207,4.09353282400375,4.09352973878793,4.0935308308491
2803,4.08904361724854,4.09353261615018,4.09353290341443,4.09352982543175,4.09353091493246
2804,4.08913564682007,4.09353269649845,4.09353298263896,4.09352991187241,4.09353099881868
2805,4.0891375541687,4.09353277665735,4.09353306167779,4.09352999811038,4.09353108250823
2806,4.08906602859497,4.09353285662732,4.09353314053133,4.09353008414614,4.09353116600156
2807,4.08909559249878,4.09353293640879,4.09353321920004,4.09353016998018,4.09353124929915
2808,4.08910894393921,4.09353301600223,4.09353329768435,4.09353025561296,4.09353133240145
2809,4.08910894393921,4.09353309540808,4.09353337598468,4.09353034104496,4.09353141530891
2810,4.08908271789551,4.09353317462677,4.09353345410148,4.09353042627665,4.09353149802201
2811,4.0891547203064,4.09353325365875,4.09353353203517,4.0935305113085,4.09353158054118
2812,4.08908987045288,4.09353333250447,4.09353360978618,4.09353059614098,4.09353166286691
2813,4.08910179138184,4.09353341116436,4.09353368735495,4.09353068077457,4.09353174499962
2814,4.08901309967041,4.09353348963886,4.0935337647419,4.09353076520972,4.09353182693979
2815,4.08913040161133,4.09353356792841,4.09353384194746,4.0935308494469,4.09353190868786
2816,4.08924198150635,4.09353364603345,4.09353391897206,4.09353093348659,4.09353199024428
2817,4.08908557891846,4.09353372395441,4.09353399581611,4.09353101732924,4.09353207160951
2818,4.08894729614258,4.09353380169173,4.09353407248006,4.09353110097532,4.093532152784
2819,4.08908987045288,4.09353387924584,4.09353414896431,4.0935311844253,4.09353223376818
2820,4.08910036087036,4.09353395661718,4.09353422526929,4.09353126767962,4.09353231456253
2821,4.08913135528564,4.09353403380618,4.09353430139543,4.09353135073875,4.09353239516746
2822,4.08908462524414,4.09353411081327,4.09353437734315,4.09353143360316,4.09353247558344
2823,4.08907747268677,4.09353418763887,4.09353445311285,4.0935315162733,4.09353255581091
2824,4.08914947509766,4.09353426428342,4.09353452870497,4.09353159874963,4.09353263585031
2825,4.08897590637207,4.09353434074735,4.09353460411991,4.09353168103259,4.09353271570208
2826,4.08908987045288,4.09353441703109,4.0935346793581,4.09353176312266,4.09353279536666
2827,4.08911418914795,4.09353449313505,4.09353475441995,4.09353184502027,4.0935328748445
2828,4.08916091918945,4.09353456905966,4.09353482930588,4.09353192672589,4.09353295413604
2829,4.08911943435669,4.09353464480535,4.09353490401629,4.09353200823996,4.0935330332417
2830,4.08915662765503,4.09353472037254,4.09353497855161,4.09353208956294,4.09353311216193
2831,4.08901834487915,4.09353479576165,4.09353505291224,4.09353217069527,4.09353319089717
2832,4.08912706375122,4.09353487097311,4.0935351270986,4.09353225163741,4.09353326944785
2833,4.08915328979492,4.09353494600733,4.09353520111108,4.0935323323898,4.0935333478144
2834,4.08904647827148,4.09353502086473,4.09353527495011,4.09353241295288,4.09353342599725
2835,4.08910083770752,4.09353509554573,4.09353534861609,4.09353249332711,4.09353350399685
2836,4.08921480178833,4.09353517005075,4.09353542210942,4.09353257351292,4.09353358181361
2837,4.08922958374023,4.0935352443802,4.09353549543052,4.09353265351076,4.09353365944797
2838,4.08901691436768,4.0935353185345,4.09353556857978,4.09353273332107,4.09353373690036
2839,4.08905935287476,4.09353539251405,4.09353564155762,4.0935328129443,4.09353381417121
2840,4.0891809463501,4.09353546631929,4.09353571436442,4.09353289238087,4.09353389126094
2841,4.08904981613159,4.0935355399506,4.09353578700061,4.09353297163124,4.09353396816998
2842,4.08905839920044,4.09353561340842,4.09353585946657,4.09353305069583,4.09353404489875
2843,4.08913230895996,4.09353568669314,4.0935359317627,4.09353312957509,4.09353412144767
2844,4.08917903900146,4.09353575980518,4.09353600388941,4.09353320826945,4.09353419781718
2845,4.08910083770752,4.09353583274494,4.0935360758471,4.09353328677935,4.09353427400768
2846,4.08914375305176,4.09353590551284,4.09353614763616,4.09353336510522,4.09353435001961
2847,4.08912992477417,4.09353597810927,4.09353621925698,4.09353344324749,4.09353442585338
2848,4.08919334411621,4.09353605053464,4.09353629070997,4.09353352120659,4.09353450150942
2849,4.08899068832397,4.09353612278936,4.09353636199551,4.09353359898296,4.09353457698813
2850,4.08910369873047,4.09353619487383,4.093536433114,4.09353367657702,4.09353465228993
2851,4.0890679359436,4.09353626678846,4.09353650406584,4.09353375398921,4.09353472741525
2852,4.08900547027588,4.09353633853363,4.09353657485141,4.09353383121995,4.09353480236449
2853,4.08921241760254,4.09353641010976,4.09353664547111,4.09353390826966,4.09353487713808
2854,4.08910512924194,4.09353648151724,4.09353671592532,4.09353398513877,4.09353495173641
2855,4.08909511566162,4.09353655275648,4.09353678621443,4.09353406182772,4.09353502615991
2856,4.08906888961792,4.09353662382786,4.09353685633884,4.09353413833691,4.09353510040899
2857,4.08909225463867,4.09353669473179,4.09353692629892,4.09353421466678,4.09353517448405
2858,4.08917856216431,4.09353676546866,4.09353699609508,4.09353429081774,4.09353524838551
2859,4.0892071723938,4.09353683603887,4.09353706572768,4.09353436679022,4.09353532211377
2860,4.08921813964844,4.09353690644281,4.09353713519711,4.09353444258463,4.09353539566924
2861,4.08917474746704,4.09353697668087,4.09353720450377,4.09353451820139,4.09353546905232
2862,4.08902168273926,4.09353704675344,4.09353727364802,4.09353459364093,4.09353554226342
2863,4.08896541595459,4.09353711666092,4.09353734263026,4.09353466890366,4.09353561530296
2864,4.08909034729004,4.0935371864037,4.09353741145085,4.09353474398999,4.09353568817131
2865,4.08918190002441,4.09353725598215,4.09353748011019,4.09353481890033,4.0935357608689
2866,4.08901929855347,4.09353732539669,4.09353754860865,4.09353489363511,4.09353583339612
2867,4.08912372589111,4.09353739464768,4.09353761694661,4.09353496819473,4.09353590575338
2868,4.08894968032837,4.09353746373552,4.09353768512444,4.09353504257961,4.09353597794107
2869,4.08921241760254,4.09353753266059,4.09353775314253,4.09353511679016,4.09353604995958
2870,4.08913564682007,4.09353760142327,4.09353782100125,4.09353519082678,4.09353612180933
2871,4.08917474746704,4.09353767002396,4.09353788870096,4.09353526468988,4.0935361934907
2872,4.08907747268677,4.09353773846303,4.09353795624205,4.09353533837988,4.09353626500408
2873,4.08915233612061,4.09353780674086,4.0935380236249,4.09353541189718,4.09353633634989
2874,4.089111328125,4.09353787485784,4.09353809084986,4.09353548524219,4.0935364075285
2875,4.08910083770752,4.09353794281434,4.09353815791731,4.09353555841531,4.09353647854031
2876,4.08899927139282,4.09353801061074,4.09353822482761,4.09353563141694,4.09353654938572
2877,4.08919668197632,4.09353807824743,4.09353829158116,4.09353570424749,4.09353662006511
2878,4.08906984329224,4.09353814572478,4.0935383581783,4.09353577690736,4.09353669057888
2879,4.08907651901245,4.09353821304317,4.0935384246194,4.09353584939694,4.09353676092741
2880,4.0890793800354,4.09353828020296,4.09353849090484,4.09353592171666,4.09353683111109
2881,4.08905601501465,4.09353834720454,4.09353855703497,4.09353599386689,4.09353690113031
2882,4.08893489837646,4.09353841404828,4.09353862301017,4.09353606584804,4.09353697098546
2883,4.08911848068237,4.09353848073455,4.09353868883079,4.0935361376605,4.09353704067692
2884,4.08909130096436,4.09353854726373,4.0935387544972,4.09353620930468,4.09353711020508
2885,4.08907747268677,4.09353861363618,4.09353882000976,4.09353628078097,4.09353717957031
2886,4.08915996551514,4.09353867985228,4.09353888536884,4.09353635208976,4.09353724877301
2887,4.08907604217529,4.09353874591239,4.09353895057479,4.09353642323144,4.09353731781355
2888,4.0890531539917,4.09353881181688,4.09353901562798,4.09353649420642,4.09353738669232
2889,4.08912706375122,4.09353887756613,4.09353908052875,4.09353656501507,4.09353745540969
2890,4.08908271789551,4.09353894316049,4.09353914527748,4.09353663565779,4.09353752396604
2891,4.08909559249878,4.09353900860033,4.09353920987451,4.09353670613498,4.09353759236176
2892,4.08904027938843,4.09353907388603,4.0935392743202,4.09353677644702,4.09353766059722
2893,4.08908271789551,4.09353913901793,4.09353933861492,4.09353684659429,4.0935377286728
2894,4.08908987045288,4.09353920399641,4.093539402759,4.09353691657719,4.09353779658887
2895,4.08902549743652,4.09353926882183,4.09353946675282,4.0935369863961,4.0935378643458
2896,4.08910179138184,4.09353933349454,4.09353953059671,4.09353705605141,4.09353793194398
2897,4.0891547203064,4.09353939801492,4.09353959429104,4.0935371255435,4.09353799938377
2898,4.08910274505615,4.09353946238331,4.09353965783615,4.09353719487275,4.09353806666554
2899,4.08908987045288,4.09353952660008,4.09353972123239,4.09353726403955,4.09353813378968
2900,4.08910703659058,4.09353959066559,4.09353978448012,4.09353733304428,4.09353820075654
2901,4.0890941619873,4.09353965458019,4.09353984757968,4.09353740188732,4.09353826756649
2902,4.08907604217529,4.09353971834424,4.09353991053142,4.09353747056904,4.09353833421992
2903,4.08910369873047,4.0935397819581,4.09353997333568,4.09353753908984,4.09353840071717
2904,4.08901739120483,4.09353984542212,4.09354003599282,4.09353760745009,4.09353846705863
2905,4.08918952941895,4.09353990873664,4.09354009850318,4.09353767565015,4.09353853324465
2906,4.08919382095337,4.09353997190204,4.0935401608671,4.09353774369042,4.0935385992756
2907,4.08917999267578,4.09354003491865,4.09354022308493,4.09353781157126,4.09353866515185
2908,4.08920621871948,4.09354009778683,4.09354028515701,4.09353787929306,4.09353873087375
2909,4.08921241760254,4.09354016050694,4.09354034708368,4.09353794685617,4.09353879644168
2910,4.08913946151733,4.09354022307931,4.09354040886529,4.09353801426099,4.09353886185599
2911,4.08907651901245,4.0935402855043,4.09354047050217,4.09353808150787,4.09353892711705
2912,4.08912706375122,4.09354034778226,4.09354053199467,4.09353814859719,4.0935389922252
2913,4.08921813964844,4.09354040991353,4.09354059334312,4.09353821552932,4.09353905718082
2914,4.08919048309326,4.09354047189847,4.09354065454786,4.09353828230462,4.09353912198426
2915,4.08913993835449,4.0935405337374,4.09354071560923,4.09353834892348,4.09353918663588
2916,4.08905744552612,4.09354059543069,4.09354077652757,4.09353841538625,4.09353925113604
2917,4.08922815322876,4.09354065697867,4.09354083730321,4.0935384816933,4.09353931548508
2918,4.08903837203979,4.09354071838169,4.09354089793649,4.093538547845,4.09353937968337
2919,4.08905220031738,4.09354077964009,4.09354095842774,4.09353861384171,4.09353944373126
2920,4.08914470672607,4.09354084075421,4.09354101877729,4.0935386796838,4.09353950762911
2921,4.08905649185181,4.09354090172439,4.09354107898548,4.09353874537162,4.09353957137726
2922,4.08910036087036,4.09354096255097,4.09354113905264,4.09353881090555,4.09353963497606
2923,4.08913564682007,4.0935410232343,4.09354119897909,4.09353887628594,4.09353969842587
2924,4.08910799026489,4.0935410837747,4.09354125876518,4.09353894151315,4.09353976172704
2925,4.08903837203979,4.09354114417252,4.09354131841123,4.09353900658755,4.09353982487992
2926,4.08907651901245,4.09354120442808,4.09354137791757,4.09353907150948,4.09353988788485
2927,4.08917474746704,4.09354126454174,4.09354143728453,4.09353913627932,4.09353995074219
2928,4.08912801742554,4.09354132451382,4.09354149651243,4.09353920089742,4.09354001345227
2929,4.08913993835449,4.09354138434466,4.0935415556016,4.09353926536413,4.09354007601544
2930,4.08919239044189,4.09354144403459,4.09354161455236,4.09353932967981,4.09354013843206
2931,4.08911991119385,4.09354150358394,4.09354167336505,4.09353939384481,4.09354020070246
2932,4.08907842636108,4.09354156299305,4.09354173203999,4.09353945785949,4.09354026282699
2933,4.08919143676758,4.09354162226224,4.09354179057749,4.09353952172421,4.09354032480598
2934,4.08919382095337,4.09354168139185,4.09354184897788,4.09353958543931,4.09354038663979
2935,4.08927059173584,4.09354174038221,4.09354190724149,4.09353964900514,4.09354044832875
2936,4.08914375305176,4.09354179923364,4.09354196536863,4.09353971242205,4.0935405098732
2937,4.0890965461731,4.09354185794647,4.09354202335962,4.0935397756904,4.09354057127349
2938,4.08907842636108,4.09354191652104,4.09354208121479,4.09353983881054,4.09354063252994
2939,4.08903169631958,4.09354197495765,4.09354213893445,4.0935399017828,4.0935406936429
2940,4.08917999267578,4.09354203325665,4.09354219651893,4.09353996460755,4.09354075461271
2941,4.0891375541687,4.09354209141836,4.09354225396853,4.09354002728512,4.0935408154397
2942,4.08910465240479,4.0935421494431,4.09354231128358,4.09354008981586,4.0935408761242
2943,4.08915042877197,4.09354220733119,4.09354236846439,4.09354015220012,4.09354093666656
2944,4.0891375541687,4.09354226508296,4.09354242551127,4.09354021443824,4.0935409970671
2945,4.08905076980591,4.09354232269872,4.09354248242454,4.09354027653056,4.09354105732615
2946,4.08906602859497,4.09354238017881,4.09354253920452,4.09354033847742,4.09354111744406
2947,4.08917236328125,4.09354243752353,4.09354259585152,4.09354040027918,4.09354117742114
2948,4.08900117874146,4.09354249473321,4.09354265236584,4.09354046193616,4.09354123725775
2949,4.08912086486816,4.09354255180817,4.09354270874781,4.0935405234487,4.09354129695419
2950,4.08914375305176,4.09354260874873,4.09354276499773,4.09354058481716,4.0935413565108
2951,4.08921241760254,4.0935426655552,4.0935428211159,4.09354064604186,4.0935414159279
2952,4.08911323547363,4.09354272222789,4.09354287710265,4.09354070712314,4.09354147520584
2953,4.08898973464966,4.09354277876714,4.09354293295827,4.09354076806135,4.09354153434493
2954,4.08902025222778,4.09354283517323,4.09354298868308,4.0935408288568,4.0935415933455
2955,4.08909559249878,4.09354289144651,4.09354304427739,4.09354088950985,4.09354165220787
2956,4.08920192718506,4.09354294758727,4.0935430997415,4.09354095002082,4.09354171093237
2957,4.08914470672607,4.09354300359584,4.09354315507571,4.09354101039005,4.09354176951932
2958,4.08915328979492,4.09354305947251,4.09354321028033,4.09354107061788,4.09354182796905
2959,4.08917474746704,4.09354311521761,4.09354326535566,4.09354113070462,4.09354188628188
2960,4.08913564682007,4.09354317083144,4.09354332030201,4.09354119065062,4.09354194445812
2961,4.08916521072388,4.09354322631431,4.09354337511969,4.0935412504562,4.09354200249811
2962,4.08910894393921,4.09354328166654,4.09354342980898,4.0935413101217,4.09354206040215
2963,4.0890645980835,4.09354333688843,4.0935434843702,4.09354136964745,4.09354211817057
2964,4.08914470672607,4.09354339198028,4.09354353880364,4.09354142903376,4.09354217580369
2965,4.08920001983643,4.09354344694241,4.09354359310961,4.09354148828097,4.09354223330182
2966,4.08911323547363,4.09354350177512,4.0935436472884,4.09354154738941,4.09354229066528
2967,4.08918523788452,4.09354355647872,4.09354370134031,4.0935416063594,4.09354234789439
2968,4.08909940719604,4.09354361105351,4.09354375526565,4.09354166519126,4.09354240498947
2969,4.08923482894897,4.0935436654998,4.09354380906469,4.09354172388533,4.09354246195082
2970,4.08912467956543,4.09354371981788,4.09354386273775,4.09354178244192,4.09354251877876
2971,4.0891227722168,4.09354377400807,4.09354391628512,4.09354184086135,4.0935425754736
2972,4.08923149108887,4.09354382807065,4.09354396970709,4.09354189914396,4.09354263203567
2973,4.08931493759155,4.09354388200594,4.09354402300396,4.09354195729006,4.09354268846526
2974,4.08924245834351,4.09354393581424,4.09354407617603,4.09354201529996,4.09354274476268
2975,4.08914947509766,4.09354398949584,4.09354412922357,4.09354207317399,4.09354280092826
2976,4.08911323547363,4.09354404305104,4.09354418214689,4.09354213091248,4.0935428569623
2977,4.08903408050537,4.09354409648014,4.09354423494628,4.09354218851573,4.09354291286511
2978,4.0891375541687,4.09354414978344,4.09354428762203,4.09354224598406,4.09354296863699
2979,4.08902168273926,4.09354420296124,4.09354434017443,4.0935423033178,4.09354302427825
2980,4.08911943435669,4.09354425601382,4.09354439260376,4.09354236051725,4.0935430797892
2981,4.08913993835449,4.0935443089415,4.09354444491032,4.09354241758274,4.09354313517015
2982,4.08908033370972,4.09354436174455,4.0935444970944,4.09354247451457,4.0935431904214
2983,4.08929920196533,4.09354441442328,4.09354454915628,4.09354253131306,4.09354324554325
2984,4.08914709091187,4.09354446697798,4.09354460109625,4.09354258797853,4.09354330053602
2985,4.0890645980835,4.09354451940894,4.09354465291459,4.09354264451128,4.09354335539999
2986,4.08918809890747,4.09354457171645,4.09354470461159,4.09354270091163,4.09354341013548
2987,4.08921241760254,4.09354462390081,4.09354475618754,4.09354275717989,4.09354346474278
2988,4.08906698226929,4.0935446759623,4.09354480764272,4.09354281331637,4.09354351922219
2989,4.08910036087036,4.09354472790122,4.09354485897741,4.09354286932137,4.09354357357403
2990,4.08903217315674,4.09354477971785,4.09354491019189,4.09354292519521,4.09354362779858
2991,4.08915424346924,4.09354483141249,4.09354496128645,4.09354298093819,4.09354368189614
2992,4.08903074264526,4.09354488298541,4.09354501226137,4.09354303655062,4.09354373586702
2993,4.08917045593262,4.09354493443691,4.09354506311693,4.09354309203281,4.0935437897115
2994,4.08884382247925,4.09354498576728,4.09354511385341,4.09354314738506,4.0935438434299
2995,4.08917999267578,4.09354503697679,4.09354516447109,4.09354320260769,4.09354389702249
2996,4.08907604217529,4.09354508806574,4.09354521497025,4.09354325770098,4.09354395048958
2997,4.08917140960693,4.09354513903441,4.09354526535116,4.09354331266525,4.09354400383146
2998,4.0892219543457,4.09354518988308,4.0935453156141,4.09354336750079,4.09354405704843
2999,4.08922958374023,4.09354524061204,4.09354536575935,4.09354342220792,4.09354411014078
3000,4.0890645980835,4.09354529122157,4.09354541578719,4.09354347678693,4.0935441631088
3001,4.08913946151733,4.09354534171194,4.09354546569789,4.09354353123812,4.09354421595278
3002,4.089111328125,4.09354539208345,4.09354551549173,4.0935435855618,4.09354426867301
3003,4.08912801742554,4.09354544233637,4.09354556516897,4.09354363975825,4.09354432126979
3004,4.08916425704956,4.09354549247098,4.0935456147299,4.09354369382779,4.0935443737434
3005,4.08920192718506,4.09354554248756,4.09354566417479,4.09354374777071,4.09354442609414
3006,4.08912086486816,4.09354559238638,4.0935457135039,4.0935438015873,4.09354447832228
3007,4.08912706375122,4.09354564216774,4.09354576271752,4.09354385527786,4.09354453042813
3008,4.08917236328125,4.0935456918319,4.0935458118159,4.09354390884269,4.09354458241196
3009,4.08901929855347,4.09354574137914,4.09354586079933,4.09354396228208,4.09354463427406
3010,4.08906698226929,4.09354579080973,4.09354590966807,4.09354401559633,4.09354468601472
3011,4.08919668197632,4.09354584012395,4.09354595842239,4.09354406878572,4.09354473763423
3012,4.08921337127686,4.09354588932208,4.09354600706255,4.09354412185057,4.09354478913286
3013,4.08917856216431,4.09354593840439,4.09354605558884,4.09354417479115,4.0935448405109
3014,4.08916425704956,4.09354598737115,4.09354610400151,4.09354422760775,4.09354489176863
3015,4.08903217315674,4.09354603622263,4.09354615230082,4.09354428030067,4.09354494290634
3016,4.08915328979492,4.09354608495912,4.09354620048706,4.0935443328702,4.09354499392431
3017,4.08892011642456,4.09354613358087,4.09354624856047,4.09354438531663,4.09354504482281
3018,4.089195728302,4.09354618208815,4.09354629652133,4.09354443764025,4.09354509560214
3019,4.08920001983643,4.09354623048125,4.0935463443699,4.09354448984134,4.09354514626256
3020,4.08917665481567,4.09354627876042,4.09354639210644,4.0935445419202,4.09354519680436
3021,4.08920097351074,4.09354632692594,4.09354643973122,4.0935445938771,4.09354524722781
3022,4.08914089202881,4.09354637497808,4.0935464872445,4.09354464571234,4.0935452975332
3023,4.08915138244629,4.09354642291709,4.09354653464654,4.0935446974262,4.0935453477208
3024,4.08913660049438,4.09354647074326,4.09354658193759,4.09354474901896,4.09354539779088
3025,4.08928346633911,4.09354651845684,4.09354662911793,4.09354480049092,4.09354544774373
3026,4.08926010131836,4.0935465660581,4.09354667618781,4.09354485184234,4.09354549757961
3027,4.08910703659058,4.09354661354731,4.09354672314748,4.09354490307353,4.0935455472988
3028,4.08920955657959,4.09354666092472,4.09354676999722,4.09354495418475,4.09354559690158
3029,4.08917140960693,4.09354670819061,4.09354681673727,4.09354500517629,4.09354564638822
3030,4.08910608291626,4.09354675534523,4.0935468633679,4.09354505604844,4.09354569575899
3031,4.08918428421021,4.09354680238885,4.09354690988935,4.09354510680146,4.09354574501416
3032,4.0891809463501,4.09354684932173,4.09354695630189,4.09354515743564,4.093545794154
3033,4.08916711807251,4.09354689614414,4.09354700260577,4.09354520795126,4.09354584317879
3034,4.0891227722168,4.09354694285632,4.09354704880125,4.09354525834859,4.09354589208879
3035,4.0892505645752,4.09354698945855,4.09354709488858,4.09354530862793,4.09354594088428
3036,4.08912992477417,4.09354703595108,4.09354714086801,4.09354535878953,4.09354598956551
3037,4.08918857574463,4.09354708233417,4.09354718673979,4.09354540883368,4.09354603813277
3038,4.08912801742554,4.09354712860807,4.09354723250419,4.09354545876066,4.09354608658631
3039,4.08912706375122,4.09354717477305,4.09354727816145,4.09354550857073,4.09354613492641
3040,4.08911323547363,4.09354722082936,4.09354732371182,4.09354555826417,4.09354618315333
3041,4.08917236328125,4.09354726677726,4.09354736915556,4.09354560784126,4.09354623126734
3042,4.08918285369873,4.09354731261701,4.09354741449291,4.09354565730227,4.09354627926869
3043,4.08922958374023,4.09354735834885,4.09354745972412,4.09354570664746,4.09354632715766
3044,4.08917903900146,4.09354740397305,4.09354750484944,4.09354575587713,4.09354637493451
3045,4.08917570114136,4.09354744948985,4.09354754986912,4.09354580499152,4.0935464225995
3046,4.08902359008789,4.09354749489952,4.09354759478341,4.09354585399092,4.09354647015289
3047,4.089195728302,4.0935475402023,4.09354763959256,4.09354590287559,4.09354651759495
3048,4.08923244476318,4.09354758539844,4.0935476842968,4.0935459516458,4.09354656492594
3049,4.08915424346924,4.0935476304882,4.0935477288964,4.09354600030183,4.09354661214611
3050,4.08920335769653,4.09354767547183,4.09354777339158,4.09354604884394,4.09354665925573
3051,4.08907651901245,4.09354772034957,4.09354781778261,4.09354609727239,4.09354670625505
3052,4.0891489982605,4.09354776512168,4.09354786206971,4.09354614558745,4.09354675314434
3053,4.08915138244629,4.09354780978841,4.09354790625315,4.0935461937894,4.09354679992386
3054,4.08927583694458,4.09354785435,4.09354795033314,4.09354624187849,4.09354684659385
3055,4.08918190002441,4.09354789880671,4.09354799430996,4.09354628985498,4.09354689315458
3056,4.08906030654907,4.09354794315877,4.09354803818382,4.09354633771915,4.09354693960631
3057,4.08913993835449,4.09354798740644,4.09354808195498,4.09354638547126,4.09354698594928
3058,4.08917903900146,4.09354803154997,4.09354812562367,4.09354643311157,4.09354703218376
3059,4.08923149108887,4.09354807558959,4.09354816919014,4.09354648064033,4.09354707831
3060,4.08907842636108,4.09354811952555,4.09354821265463,4.09354652805783,4.09354712432825
3061,4.08914184570312,4.09354816335811,4.09354825601737,4.0935465753643,4.09354717023876
3062,4.08912706375122,4.09354820708749,4.0935482992786,4.09354662256002,4.0935472160418
3063,4.08920812606812,4.09354825071396,4.09354834243857,4.09354666964525,4.0935472617376
3064,4.08912181854248,4.09354829423773,4.0935483854975,4.09354671662023,4.09354730732643
3065,4.08910179138184,4.09354833765907,4.09354842845564,4.09354676348524,4.09354735280853
3066,4.08903074264526,4.09354838097821,4.09354847131322,4.09354681024054,4.09354739818415
3067,4.08904361724854,4.09354842419539,4.09354851407047,4.09354685688636,4.09354744345355
3068,4.08913850784302,4.09354846731085,4.09354855672764,4.09354690342299,4.09354748861697
3069,4.08923292160034,4.09354851032483,4.09354859928496,4.09354694985066,4.09354753367466
3070,4.08904123306274,4.09354855323758,4.09354864174266,4.09354699616964,4.09354757862687
3071,4.08901500701904,4.09354859604932,4.09354868410097,4.09354704238017,4.09354762347384
3072,4.08911514282227,4.09354863876031,4.09354872636013,4.09354708848253,4.09354766821582
3073,4.08917045593262,4.09354868137076,4.09354876852038,4.09354713447695,4.09354771285307
3074,4.08913660049438,4.09354872388093,4.09354881058193,4.0935471803637,4.09354775738582
3075,4.0891375541687,4.09354876629105,4.09354885254503,4.09354722614301,4.09354780181432
3076,4.08920001983643,4.09354880860136,4.0935488944099,4.09354727181516,4.09354784613881
3077,4.08915042877197,4.09354885081208,4.09354893617678,4.09354731738038,4.09354789035954
3078,4.08922624588013,4.09354889292346,4.09354897784589,4.09354736283893,4.09354793447675
3079,4.08924102783203,4.09354893493573,4.09354901941747,4.09354740819106,4.09354797849069
3080,4.08916711807251,4.09354897684912,4.09354906089174,4.09354745343702,4.09354802240159
3081,4.08920860290527,4.09354901866387,4.09354910226893,4.09354749857706,4.0935480662097
3082,4.08922338485718,4.09354906038021,4.09354914354927,4.09354754361142,4.09354810991526
3083,4.08919382095337,4.09354910199836,4.09354918473298,4.09354758854035,4.09354815351851
3084,4.08908987045288,4.09354914351857,4.09354922582029,4.0935476333641,4.09354819701968
3085,4.08908557891846,4.09354918494106,4.09354926681144,4.09354767808292,4.09354824041903
3086,4.08924245834351,4.09354922626606,4.09354930770663,4.09354772269706,4.09354828371678
3087,4.08915758132935,4.09354926749381,4.09354934850611,4.09354776720675,4.09354832691318
3088,4.08911991119385,4.09354930862453,4.09354938921008,4.09354781161225,4.09354837000845
3089,4.08910989761353,4.09354934965845,4.09354942981879,4.0935478559138,4.09354841300286
3090,4.08914279937744,4.09354939059579,4.09354947033244,4.09354790011163,4.09354845589661
3091,4.08917331695557,4.09354943143679,4.09354951075127,4.093547944206,4.09354849868996
3092,4.08919858932495,4.09354947218168,4.09354955107549,4.09354798819715,4.09354854138314
3093,4.089195728302,4.09354951283068,4.09354959130533,4.09354803208532,4.09354858397638
3094,4.08915328979492,4.09354955338401,4.093549631441,4.09354807587075,4.09354862646992
3095,4.08923816680908,4.09354959384191,4.09354967148274,4.09354811955368,4.09354866886399
3096,4.08910274505615,4.09354963420459,4.09354971143075,4.09354816313436,4.09354871115882
3097,4.08912086486816,4.09354967447228,4.09354975128526,4.09354820661301,4.09354875335465
3098,4.0891637802124,4.09354971464521,4.09354979104649,4.09354824998989,4.09354879545171
3099,4.08913040161133,4.09354975472359,4.09354983071466,4.09354829326523,4.09354883745023
3100,4.08910608291626,4.09354979470766,4.09354987028998,4.09354833643926,4.09354887935044
3101,4.08908176422119,4.09354983459763,4.09354990977267,4.09354837951223,4.09354892115257
3102,4.08912467956543,4.09354987439372,4.09354994916295,4.09354842248438,4.09354896285685
3103,4.0891489982605,4.09354991409616,4.09354998846104,4.09354846535593,4.09354900446352
3104,4.0891809463501,4.09354995370517,4.09355002766715,4.09354850812713,4.0935490459728
3105,4.08916521072388,4.09354999322097,4.0935500667815,4.0935485507982,4.09354908738491
3106,4.0891637802124,4.09355003264377,4.0935501058043,4.09354859336939,4.0935491287001
3107,4.08913135528564,4.0935500719738,4.09355014473577,4.09354863584093,4.09354916991857
3108,4.08918190002441,4.09355011121127,4.09355018357612,4.09354867821306,4.09354921104057
3109,4.08916282653809,4.09355015035641,4.09355022232556,4.093548720486,4.09354925206631
3110,4.08906984329224,4.09355018940942,4.09355026098431,4.09354876265999,4.09354929299602
3111,4.08906888961792,4.09355022837054,4.09355029955258,4.09354880473525,4.09354933382993
3112,4.08913469314575,4.09355026723996,4.09355033803059,4.09354884671203,4.09354937456827
3113,4.08921480178833,4.09355030601792,4.09355037641854,4.09354888859055,4.09354941521125
3114,4.08919763565063,4.09355034470463,4.09355041471665,4.09354893037105,4.09354945575909
3115,4.08925247192383,4.09355038330029,4.09355045292512,4.09354897205375,4.09354949621203
3116,4.08913660049438,4.09355042180513,4.09355049104417,4.09354901363888,4.09354953657029
3117,4.0892071723938,4.09355046021936,4.093550529074,4.09354905512667,4.09354957683408
3118,4.08908987045288,4.0935504985432,4.09355056701483,4.09354909651735,4.09354961700363
3119,4.08917665481567,4.09355053677685,4.09355060486686,4.09354913781114,4.09354965707916
3120,4.08913993835449,4.09355057492052,4.0935506426303,4.09354917900828,4.09354969706089
3121,4.08914804458618,4.09355061297444,4.09355068030536,4.09354922010899,4.09354973694905
3122,4.08911848068237,4.09355065093881,4.09355071789225,4.0935492611135,4.09354977674383
3123,4.08911037445068,4.09355068881385,4.09355075539117,4.09354930202203,4.09354981644548
3124,4.0891489982605,4.09355072659975,4.09355079280233,4.0935493428348,4.0935498560542
3125,4.08916711807251,4.09355076429674,4.09355083012594,4.09354938355205,4.09354989557022
3126,4.08919906616211,4.09355080190503,4.09355086736219,4.09354942417399,4.09354993499374
3127,4.08908367156982,4.09355083942482,4.0935509045113,4.09354946470086,4.093549974325
3128,4.08901691436768,4.09355087685632,4.09355094157347,4.09354950513286,4.0935500135642
3129,4.0891695022583,4.09355091419973,4.0935509785489,4.09354954547022,4.09355005271156
3130,4.08910179138184,4.09355095145527,4.09355101543779,4.09354958571318,4.0935500917673
3131,4.08928346633911,4.09355098862315,4.09355105224036,4.09354962586194,4.09355013073162
3132,4.08899927139282,4.09355102570357,4.09355108895679,4.09354966591673,4.09355016960475
3133,4.08925485610962,4.09355106269673,4.0935511255873,4.09354970587776,4.0935502083869
3134,4.08916091918945,4.09355109960284,4.09355116213209,4.09354974574527,4.09355024707828
3135,4.08909940719604,4.09355113642212,4.09355119859134,4.09354978551946,4.0935502856791
3136,4.08914089202881,4.09355117315475,4.09355123496528,4.09354982520056,4.09355032418958
3137,4.08916091918945,4.09355120980095,4.09355127125409,4.09354986478878,4.09355036260993
3138,4.08928871154785,4.09355124636091,4.09355130745797,4.09354990428435,4.09355040094036
3139,4.08917999267578,4.09355128283485,4.09355134357713,4.09354994368747,4.09355043918107
3140,4.08927726745605,4.09355131922297,4.09355137961176,4.09354998299837,4.09355047733229
3141,4.08917760848999,4.09355135552546,4.09355141556206,4.09355002221726,4.09355051539422
3142,4.08919668197632,4.09355139174253,4.09355145142823,4.09355006134436,4.09355055336707
3143,4.08904123306274,4.09355142787439,4.09355148721047,4.09355010037988,4.09355059125104
3144,4.08923053741455,4.09355146392122,4.09355152290897,4.09355013932404,4.09355062904636
3145,4.08916711807251,4.09355149988324,4.09355155852392,4.09355017817705,4.09355066675321
3146,4.08914518356323,4.09355153576063,4.09355159405553,4.09355021693913,4.09355070437182
3147,4.0892915725708,4.09355157155361,4.09355162950399,4.09355025561049,4.09355074190239
3148,4.08923768997192,4.09355160726237,4.0935516648695,4.09355029419133,4.09355077934512
3149,4.08897304534912,4.0935516428871,4.09355170015224,4.09355033268188,4.09355081670022
3150,4.08908033370972,4.09355167842801,4.09355173535241,4.09355037108235,4.0935508539679
3151,4.08916425704956,4.0935517138853,4.09355177047021,4.09355040939294,4.09355089114836
3152,4.08916807174683,4.09355174925915,4.09355180550583,4.09355044761387,4.0935509282418
3153,4.08908081054688,4.09355178454978,4.09355184045947,4.09355048574534,4.09355096524844
3154,4.08912706375122,4.09355181975736,4.0935518753313,4.09355052378757,4.09355100216846
3155,4.08927059173584,4.09355185488211,4.09355191012153,4.09355056174077,4.09355103900209
3156,4.08923149108887,4.09355188992421,4.09355194483035,4.09355059960514,4.09355107574951
3157,4.08916807174683,4.09355192488386,4.09355197945794,4.09355063738089,4.09355111241093
3158,4.08924436569214,4.09355195976125,4.09355201400451,4.09355067506824,4.09355114898655
3159,4.08923816680908,4.09355199455658,4.09355204847023,4.09355071266738,4.09355118547658
3160,4.08919048309326,4.09355202927004,4.0935520828553,4.09355075017852,4.0935512218812
3161,4.08923816680908,4.09355206390182,4.0935521171599,4.09355078760188,4.09355125820064
3162,4.08925485610962,4.09355209845211,4.09355215138423,4.09355082493765,4.09355129443507
3163,4.089195728302,4.09355213292112,4.09355218552847,4.09355086218604,4.09355133058471
3164,4.08909749984741,4.09355216730902,4.09355221959281,4.09355089934726,4.09355136664975
3165,4.0891375541687,4.09355220161601,4.09355225357744,4.09355093642151,4.09355140263039
3166,4.089111328125,4.09355223584229,4.09355228748254,4.093550973409,4.09355143852683
3167,4.0892071723938,4.09355226998803,4.09355232130831,4.09355101030992,4.09355147433926
3168,4.08918523788452,4.09355230405344,4.09355235505492,4.09355104712448,4.09355151006788
3169,4.08915042877197,4.0935523380387,4.09355238872256,4.09355108385289,4.09355154571289
3170,4.08925151824951,4.09355237194399,4.09355242231142,4.09355112049534,4.09355158127448
3171,4.08920288085938,4.09355240576951,4.09355245582168,4.09355115705203,4.09355161675285
3172,4.08908987045288,4.09355243951545,4.09355248925352,4.09355119352318,4.0935516521482
3173,4.08915996551514,4.09355247318199,4.09355252260714,4.09355122990897,4.09355168746072
3174,4.08916902542114,4.09355250676932,4.09355255588271,4.09355126620961,4.09355172269059
3175,4.08912181854248,4.09355254027762,4.09355258908041,4.0935513024253,4.09355175783803
3176,4.08923244476318,4.09355257370709,4.09355262220044,4.09355133855623,4.09355179290321
3177,4.08917999267578,4.0935526070579,4.09355265524296,4.09355137460261,4.09355182788634
3178,4.08923053741455,4.09355264033025,4.09355268820816,4.09355141056463,4.0935518627876
3179,4.08922958374023,4.09355267352432,4.09355272109623,4.09355144644249,4.09355189760719
3180,4.08902168273926,4.09355270664029,4.09355275390734,4.09355148223639,4.09355193234529
3181,4.08917760848999,4.09355273967834,4.09355278664167,4.09355151794652,4.0935519670021
3182,4.08918619155884,4.09355277263866,4.09355281929941,4.09355155357309,4.09355200157782
3183,4.08924961090088,4.09355280552144,4.09355285188073,4.09355158911628,4.09355203607262
3184,4.0891809463501,4.09355283832686,4.09355288438581,4.0935516245763,4.0935520704867
3185,4.08915138244629,4.09355287105509,4.09355291681484,4.09355165995333,4.09355210482025
3186,4.08923482894897,4.09355290370632,4.09355294916798,4.09355169524757,4.09355213907346
3187,4.08915996551514,4.09355293628073,4.09355298144542,4.09355173045922,4.09355217324651
3188,4.08911752700806,4.09355296877851,4.09355301364733,4.09355176558847,4.0935522073396
3189,4.08922863006592,4.09355300119983,4.0935530457739,4.09355180063551,4.0935522413529
3190,4.08918523788452,4.09355303354487,4.09355307782529,4.09355183560054,4.09355227528661
3191,4.08911323547363,4.09355306581381,4.09355310980168,4.09355187048374,4.09355230914092
3192,4.08915567398071,4.09355309800684,4.09355314170326,4.09355190528532,4.093552342916
3193,4.08911991119385,4.09355313012412,4.09355317353019,4.09355194000545,4.09355237661205
3194,4.08911943435669,4.09355316216585,4.09355320528265,4.09355197464433,4.09355241022925
3195,4.0892915725708,4.09355319413219,4.09355323696081,4.09355200920216,4.09355244376779
3196,4.08917045593262,4.09355322602333,4.09355326856485,4.09355204367911,4.09355247722784
3197,4.08914947509766,4.09355325783943,4.09355330009494,4.09355207807539,4.0935525106096
3198,4.0890941619873,4.09355328958069,4.09355333155126,4.09355211239117,4.09355254391325
3199,4.08921670913696,4.09355332124727,4.09355336293398,4.09355214662666,4.09355257713896
3200,4.08920431137085,4.09355335283935,4.09355339424326,4.09355218078203,4.09355261028693
3201,4.08920192718506,4.09355338435711,4.09355342547929,4.09355221485748,4.09355264335733
3202,4.08927822113037,4.09355341580072,4.09355345664223,4.09355224885318,4.09355267635035
3203,4.08917570114136,4.09355344717035,4.09355348773226,4.09355228276934,4.09355270926617
3204,4.08912086486816,4.09355347846619,4.09355351874954,4.09355231660613,4.09355274210496
3205,4.08917903900146,4.0935535096884,4.09355354969425,4.09355235036374,4.09355277486691
3206,4.08917379379272,4.09355354083715,4.09355358056655,4.09355238404236,4.09355280755221
3207,4.08912706375122,4.09355357191263,4.09355361136662,4.09355241764217,4.09355284016102
3208,4.08920431137085,4.093553602915,4.09355364209462,4.09355245116335,4.09355287269353
3209,4.089280128479,4.09355363384443,4.09355367275073,4.09355248460609,4.09355290514991
3210,4.08928632736206,4.0935536647011,4.09355370333511,4.09355251797058,4.09355293753035
3211,4.08921575546265,4.09355369548518,4.09355373384794,4.093552551257,4.09355296983502
3212,4.08913040161133,4.09355372619684,4.09355376428936,4.09355258446552,4.0935530020641
3213,4.0891809463501,4.09355375683624,4.09355379465957,4.09355261759634,4.09355303421777
3214,4.08917999267578,4.09355378740357,4.09355382495871,4.09355265064964,4.09355306629621
3215,4.08918952941895,4.09355381789899,4.09355385518697,4.09355268362559,4.09355309829958
3216,4.08914279937744,4.09355384832267,4.0935538853445,4.09355271652437,4.09355313022807
3217,4.08914518356323,4.09355387867477,4.09355391543146,4.09355274934618,4.09355316208186
3218,4.08915424346924,4.09355390895547,4.09355394544804,4.09355278209118,4.0935531938611
3219,4.08914184570312,4.09355393916494,4.09355397539438,4.09355281475957,4.09355322556599
3220,4.08906888961792,4.09355396930333,4.09355400527066,4.09355284735151,4.0935532571967
3221,4.08920192718506,4.09355399937083,4.09355403507704,4.09355287986719,4.09355328875339
3222,4.08915567398071,4.0935540293676,4.09355406481368,4.09355291230678,4.09355332023625
3223,4.08916091918945,4.09355405929379,4.09355409448075,4.09355294467047,4.09355335164544
3224,4.08920288085938,4.09355408914959,4.0935541240784,4.09355297695843,4.09355338298114
3225,4.08924865722656,4.09355411893516,4.09355415360681,4.09355300917084,4.09355341424352
3226,4.08913469314575,4.09355414865065,4.09355418306613,4.09355304130788,4.09355344543275
3227,4.08905076980591,4.09355417829624,4.09355421245652,4.09355307336972,4.09355347654901
3228,4.08917999267578,4.09355420787209,4.09355424177815,4.09355310535654,4.09355350759246
3229,4.08919382095337,4.09355423737836,4.09355427103119,4.09355313726851,4.09355353856328
3230,4.08914089202881,4.09355426681523,4.09355430021578,4.09355316910581,4.09355356946163
3231,4.0892767906189,4.09355429618284,4.09355432933209,4.09355320086862,4.09355360028768
3232,4.0891637802124,4.09355432548137,4.09355435838027,4.09355323255711,4.09355363104161
3233,4.08908987045288,4.09355435471099,4.0935543873605,4.09355326417145,4.09355366172358
3234,4.0891489982605,4.09355438387183,4.09355441627292,4.09355329571182,4.09355369233377
3235,4.08924961090088,4.09355441296408,4.0935544451177,4.09355332717839,4.09355372287233
3236,4.08919143676758,4.0935544419879,4.093554473895,4.09355335857134,4.09355375333944
3237,4.08919239044189,4.09355447094344,4.09355450260496,4.09355338989083,4.09355378373526
3238,4.08917474746704,4.09355449983086,4.09355453124776,4.09355342113704,4.09355381405997
3239,4.08907842636108,4.09355452865033,4.09355455982355,4.09355345231014,4.09355384431373
3240,4.08917140960693,4.09355455740201,4.09355458833248,4.0935534834103,4.0935538744967
3241,4.0890679359436,4.09355458608605,4.09355461677471,4.09355351443769,4.09355390460905
3242,4.08923578262329,4.09355461470262,4.0935546451504,4.09355354539249,4.09355393465095
3243,4.08920812606812,4.09355464325187,4.0935546734597,4.09355357627486,4.09355396462255
3244,4.08911037445068,4.09355467173396,4.09355470170278,4.09355360708496,4.09355399452404
3245,4.08918714523315,4.09355470014906,4.09355472987977,4.09355363782298,4.09355402435556
3246,4.08926200866699,4.09355472849731,4.09355475799085,4.09355366848909,4.09355405411729
3247,4.08918809890747,4.09355475677888,4.09355478603616,4.09355369908344,4.09355408380938
3248,4.08916091918945,4.09355478499392,4.09355481401585,4.0935537296062,4.09355411343201
3249,4.08914375305176,4.09355481314259,4.09355484193009,4.09355376005755,4.09355414298532
3250,4.0890679359436,4.09355484122504,4.09355486977902,4.09355379043766,4.0935541724695
3251,4.08929061889648,4.09355486924144,4.0935548975628,4.09355382074668,4.09355420188469
3252,4.08922815322876,4.09355489719193,4.09355492528158,4.09355385098478,4.09355423123105
3253,4.0891695022583,4.09355492507668,4.09355495293551,4.09355388115214,4.09355426050876
3254,4.08930683135986,4.09355495289583,4.09355498052474,4.09355391124892,4.09355428971797
3255,4.08925485610962,4.09355498064955,4.09355500804943,4.09355394127528,4.09355431885884
3256,4.08906555175781,4.09355500833798,4.09355503550973,4.09355397123138,4.09355434793154
3257,4.08916521072388,4.09355503596128,4.09355506290578,4.0935540011174,4.09355437693621
3258,4.08914089202881,4.0935550635196,4.09355509023774,4.09355403093349,4.09355440587302
3259,4.08911561965942,4.0935550910131,4.09355511750576,4.09355406067983,4.09355443474214
3260,4.08916187286377,4.09355511844192,4.09355514470999,4.09355409035656,4.09355446354371
3261,4.08920192718506,4.09355514580623,4.09355517185057,4.09355411996387,4.09355449227789
3262,4.08920001983643,4.09355517310617,4.09355519892766,4.0935541495019,4.09355452094485
3263,4.08923292160034,4.0935552003419,4.09355522594141,4.09355417897082,4.09355454954475
3264,4.08919858932495,4.09355522751355,4.09355525289195,4.0935542083708,4.09355457807773
3265,4.08909225463867,4.0935552546213,4.09355527977945,4.09355423770198,4.09355460654395
3266,4.08933925628662,4.09355528166528,4.09355530660405,4.09355426696455,4.09355463494358
3267,4.08913230895996,4.09355530864565,4.09355533336589,4.09355429615865,4.09355466327677
3268,4.08908605575562,4.09355533556256,4.09355536006513,4.09355432528445,4.09355469154366
3269,4.08917331695557,4.09355536241615,4.0935553867019,4.09355435434211,4.09355471974443
3270,4.08916282653809,4.09355538920657,4.09355541327637,4.09355438333178,4.09355474787922
3271,4.08921670913696,4.09355541593398,4.09355543978866,4.09355441225363,4.09355477594818
3272,4.08909940719604,4.09355544259853,4.09355546623893,4.09355444110781,4.09355480395148
3273,4.0891695022583,4.09355546920035,4.09355549262732,4.09355446989448,4.09355483188927
3274,4.08914089202881,4.0935554957396,4.09355551895398,4.09355449861381,4.09355485976169
3275,4.08926105499268,4.09355552221643,4.09355554521906,4.09355452726594,4.0935548875689
3276,4.08917856216431,4.09355554863097,4.09355557142269,4.09355455585104,4.09355491531107
3277,4.08917999267578,4.09355557498339,4.09355559756502,4.09355458436927,4.09355494298832
3278,4.08916902542114,4.09355560127382,4.09355562364619,4.09355461282077,4.09355497060083
3279,4.08924865722656,4.09355562750241,4.09355564966635,4.09355464120571,4.09355499814874
3280,4.08917856216431,4.09355565366931,4.09355567562564,4.09355466952424,4.0935550256322
3281,4.08918619155884,4.09355567977467,4.0935557015242,4.09355469777652,4.09355505305136
3282,4.08917379379272,4.09355570581861,4.09355572736218,4.0935547259627,4.09355508040638
3283,4.0891695022583,4.0935557318013,4.09355575313971,4.09355475408294,4.0935551076974
3284,4.08929920196533,4.09355575772288,4.09355577885694,4.09355478213739,4.09355513492457
3285,4.08915996551514,4.09355578358348,4.09355580451401,4.0935548101262,4.09355516208805
3286,4.08915758132935,4.09355580938326,4.09355583011107,4.09355483804954,4.09355518918798
3287,4.08925914764404,4.09355583512236,4.09355585564823,4.09355486590755,4.09355521622451
3288,4.08916711807251,4.09355586080091,4.09355588112567,4.09355489370038,4.09355524319779
3289,4.08920431137085,4.09355588641906,4.0935559065435,4.09355492142819,4.09355527010797
3290,4.0891547203064,4.09355591197696,4.09355593190187,4.09355494909114,4.09355529695519
3291,4.08916091918945,4.09355593747475,4.09355595720092,4.09355497668936,4.09355532373961
3292,4.08923244476318,4.09355596291256,4.09355598244079,4.09355500422302,4.09355535046137
3293,4.0890679359436,4.09355598829054,4.09355600762162,4.09355503169227,4.09355537712061
3294,4.0890679359436,4.09355601360883,4.09355603274354,4.09355505909725,4.09355540371749
3295,4.08920526504517,4.09355603886757,4.0935560578067,4.09355508643812,4.09355543025215
3296,4.08924245834351,4.0935560640669,4.09355608281122,4.09355511371503,4.09355545672473
3297,4.08911752700806,4.09355608920696,4.09355610775726,4.09355514092812,4.09355548313538
3298,4.08930110931396,4.09355611428788,4.09355613264493,4.09355516807755,4.09355550948425
3299,4.08918619155884,4.09355613930982,4.0935561574744,4.09355519516347,4.09355553577148
3300,4.08909511566162,4.09355616427291,4.09355618224577,4.09355522218602,4.09355556199721
3301,4.08923244476318,4.09355618917728,4.09355620695921,4.09355524914535,4.09355558816159
3302,4.08928203582764,4.09355621402307,4.09355623161483,4.09355527604161,4.09355561426476
3303,4.08919763565063,4.09355623881043,4.09355625621277,4.09355530287495,4.09355564030687
3304,4.08918285369873,4.09355626353949,4.09355628075318,4.09355532964552,4.09355566628805
3305,4.0891695022583,4.09355628821038,4.09355630523618,4.09355535635346,4.09355569220846
3306,4.08912706375122,4.09355631282325,4.09355632966191,4.09355538299891,4.09355571806823
3307,4.08927488327026,4.09355633737823,4.0935563540305,4.09355540958204,4.09355574386751
3308,4.08926439285278,4.09355636187546,4.09355637834209,4.09355543610297,4.09355576960643
3309,4.08920860290527,4.09355638631506,4.09355640259681,4.09355546256186,4.09355579528514
3310,4.08913135528564,4.09355641069719,4.0935564267948,4.09355548895886,4.09355582090378
3311,4.08922815322876,4.09355643502197,4.09355645093618,4.0935555152941,4.09355584646249
3312,4.08920335769653,4.09355645928954,4.09355647502109,4.09355554156773,4.09355587196142
3313,4.08910703659058,4.09355648350003,4.09355649904966,4.0935555677799,4.09355589740069
3314,4.08920001983643,4.09355650765358,4.09355652302202,4.09355559393075,4.09355592278045
3315,4.08927488327026,4.09355653175032,4.09355654693831,4.09355562002043,4.09355594810084
3316,4.08922624588013,4.09355655579039,4.09355657079865,4.09355564604907,4.093555973362
3317,4.08915948867798,4.09355657977392,4.09355659460318,4.09355567201682,4.09355599856406
3318,4.08924198150635,4.09355660370104,4.09355661835203,4.09355569792382,4.09355602370718
3319,4.08918857574463,4.09355662757188,4.09355664204532,4.09355572377022,4.09355604879147
3320,4.08919668197632,4.09355665138658,4.0935566656832,4.09355574955616,4.09355607381708
3321,4.0892915725708,4.09355667514527,4.09355668926578,4.09355577528177,4.09355609878416
3322,4.08918857574463,4.09355669884809,4.0935567127932,4.0935558009472,4.09355612369283
3323,4.08922290802002,4.09355672249515,4.09355673626558,4.09355582655259,4.09355614854323
3324,4.08919906616211,4.0935567460866,4.09355675968306,4.09355585209809,4.0935561733355
3325,4.08913660049438,4.09355676962256,4.09355678304577,4.09355587758382,4.09355619806978
3326,4.08920526504517,4.09355679310317,4.09355680635383,4.09355590300994,4.09355622274619
3327,4.08918714523315,4.09355681652856,4.09355682960736,4.09355592837658,4.09355624736489
3328,4.08924961090088,4.09355683989885,4.0935568528065,4.09355595368387,4.09355627192599
3329,4.08909845352173,4.09355686321418,4.09355687595138,4.09355597893197,4.09355629642964
3330,4.08908605575562,4.09355688647467,4.09355689904212,4.093556004121,4.09355632087597
3331,4.08916616439819,4.09355690968046,4.09355692207885,4.09355602925111,4.09355634526512
3332,4.08923816680908,4.09355693283166,4.09355694506169,4.09355605432244,4.09355636959721
3333,4.08915233612061,4.09355695592842,4.09355696799078,4.09355607933511,4.09355639387239
3334,4.08915758132935,4.09355697897086,4.09355699086623,4.09355610428928,4.09355641809079
3335,4.08914804458618,4.09355700195911,4.09355701368818,4.09355612918507,4.09355644225253
3336,4.08910179138184,4.09355702489329,4.09355703645674,4.09355615402262,4.09355646635775
3337,4.08912467956543,4.09355704777354,4.09355705917204,4.09355617880207,4.09355649040659
3338,4.08913946151733,4.09355707059997,4.09355708183422,4.09355620352356,4.09355651439917
3339,4.08910894393921,4.09355709337272,4.09355710444338,4.09355622818722,4.09355653833563
3340,4.08919906616211,4.09355711609191,4.09355712699966,4.09355625279318,4.09355656221609
3341,4.08916902542114,4.09355713875767,4.09355714950319,4.09355627734158,4.0935565860407
3342,4.08907747268677,4.09355716137013,4.09355717195407,4.09355630183256,4.09355660980958
3343,4.08920001983643,4.0935571839294,4.09355719435244,4.09355632626625,4.09355663352286
3344,4.08923149108887,4.09355720643562,4.09355721669842,4.09355635064279,4.09355665718067
3345,4.08915948867798,4.09355722888891,4.09355723899213,4.0935563749623,4.09355668078314
3346,4.08914613723755,4.09355725128939,4.0935572612337,4.09355639922493,4.0935567043304
3347,4.08910369873047,4.09355727363719,4.09355728342325,4.0935564234308,4.09355672782258
3348,4.08920812606812,4.09355729593243,4.09355730556089,4.09355644758004,4.09355675125981
3349,4.08925676345825,4.09355731817524,4.09355732764675,4.0935564716728,4.09355677464222
3350,4.08914279937744,4.09355734036574,4.09355734968095,4.0935564957092,4.09355679796994
3351,4.08907747268677,4.09355736250405,4.09355737166362,4.09355651968938,4.09355682124308
3352,4.08923816680908,4.0935573845903,4.09355739359487,4.09355654361346,4.09355684446179
3353,4.08915567398071,4.0935574066246,4.09355741547482,4.09355656748158,4.09355686762619
3354,4.08913421630859,4.09355742860708,4.09355743730359,4.09355659129387,4.0935568907364
3355,4.08916187286377,4.09355745053787,4.09355745908131,4.09355661505046,4.09355691379256
3356,4.08917236328125,4.09355747241708,4.09355748080809,4.09355663875148,4.09355693679479
3357,4.08918523788452,4.09355749424484,4.09355750248405,4.09355666239706,4.09355695974321
3358,4.08927202224731,4.09355751602126,4.09355752410931,4.09355668598732,4.09355698263795
3359,4.08920812606812,4.09355753774647,4.09355754568399,4.09355670952241,4.09355700547915
3360,4.08914184570312,4.09355755942059,4.09355756720821,4.09355673300244,4.09355702826691
3361,4.08921051025391,4.09355758104373,4.09355758868209,4.09355675642756,4.09355705100138
3362,4.08914470672607,4.09355760261603,4.09355761010573,4.09355677979787,4.09355707368266
3363,4.08926630020142,4.09355762413759,4.09355763147927,4.09355680311353,4.09355709631089
3364,4.08916425704956,4.09355764560854,4.09355765280282,4.09355682637464,4.0935571188862
3365,4.08911561965942,4.09355766702899,4.0935576740765,4.09355684958135,4.0935571414087
3366,4.08914947509766,4.09355768839907,4.09355769530041,4.09355687273377,4.09355716387852
3367,4.08928775787354,4.0935577097189,4.09355771647468,4.09355689583203,4.09355718629578
3368,4.08919239044189,4.09355773098858,4.09355773759944,4.09355691887627,4.0935572086606
3369,4.08915424346924,4.09355775220825,4.09355775867478,4.0935569418666,4.09355723097312
3370,4.08922290802002,4.09355777337801,4.09355777970082,4.09355696480316,4.09355725323344
3371,4.08920001983643,4.09355779449799,4.09355780067769,4.09355698768607,4.0935572754417
3372,4.0892767906189,4.0935578155683,4.0935578216055,4.09355701051545,4.09355729759801
3373,4.08924865722656,4.09355783658906,4.09355784248436,4.09355703329143,4.0935573197025
3374,4.08928966522217,4.09355785756039,4.09355786331438,4.09355705601414,4.09355734175528
3375,4.08917236328125,4.09355787848239,4.09355788409569,4.0935570786837,4.09355736375649
3376,4.08925914764404,4.0935578993552,4.09355790482839,4.09355710130023,4.09355738570623
3377,4.08923578262329,4.09355792017892,4.0935579255126,4.09355712386387,4.09355740760464
3378,4.08925151824951,4.09355794095367,4.09355794614843,4.09355714637472,4.09355742945182
3379,4.08920621871948,4.09355796167956,4.09355796673599,4.09355716883292,4.0935574512479
3380,4.08921051025391,4.09355798235672,4.09355798727541,4.0935571912386,4.093557472993
3381,4.08933305740356,4.09355800298525,4.09355800776678,4.09355721359186,4.09355749468725
3382,4.08903408050537,4.09355802356526,4.09355802821023,4.09355723589284,4.09355751633074
3383,4.08931159973145,4.09355804409689,4.09355804860587,4.09355725814165,4.09355753792362
3384,4.08920955657959,4.09355806458022,4.0935580689538,4.09355728033843,4.09355755946599
3385,4.08917474746704,4.09355808501539,4.09355808925414,4.09355730248329,4.09355758095797
3386,4.08932018280029,4.0935581054025,4.093558109507,4.09355732457635,4.09355760239969
3387,4.0891547203064,4.09355812574167,4.0935581297125,4.09355734661773,4.09355762379125
3388,4.08920335769653,4.09355814603301,4.09355814987073,4.09355736860756,4.09355764513278
3389,4.08924961090088,4.09355816627663,4.09355816998182,4.09355739054595,4.0935576664244
3390,4.08921909332275,4.09355818647265,4.09355819004588,4.09355741243303,4.09355768766621
3391,4.08921146392822,4.09355820662117,4.093558210063,4.09355743426892,4.09355770885834
3392,4.08922863006592,4.09355822672231,4.09355823003331,4.09355745605374,4.09355773000091
3393,4.08908987045288,4.09355824677619,4.09355824995692,4.0935574777876,4.09355775109402
3394,4.08919334411621,4.0935582667829,4.09355826983392,4.09355749947062,4.0935577721378
3395,4.08917903900146,4.09355828674256,4.09355828966444,4.09355752110293,4.09355779313236
3396,4.08926200866699,4.09355830665529,4.09355830944858,4.09355754268464,4.09355781407781
3397,4.08916807174683,4.09355832652119,4.09355832918644,4.09355756421588,4.09355783497428
3398,4.08920288085938,4.09355834634038,4.09355834887815,4.09355758569675,4.09355785582187
3399,4.08910799026489,4.09355836611296,4.0935583685238,4.09355760712738,4.0935578766207
3400,4.08923149108887,4.09355838583904,4.0935583881235,4.09355762850789,4.09355789737089
3401,4.089195728302,4.09355840551873,4.09355840767736,4.09355764983838,4.09355791807254
3402,4.08932590484619,4.09355842515215,4.09355842718549,4.09355767111899,4.09355793872577
3403,4.08926725387573,4.0935584447394,4.09355844664799,4.09355769234982,4.0935579593307
3404,4.08917999267578,4.09355846428059,4.09355846606498,4.093557713531,4.09355797988743
3405,4.08918619155884,4.09355848377582,4.09355848543655,4.09355773466263,4.09355800039609
3406,4.08927488327026,4.09355850322521,4.09355850476282,4.09355775574484,4.09355802085678
3407,4.08923578262329,4.09355852262887,4.09355852404389,4.09355777677774,4.09355804126961
3408,4.08913850784302,4.09355854198689,4.09355854327987,4.09355779776145,4.0935580616347
3409,4.08908557891846,4.0935585612994,4.09355856247086,4.09355781869607,4.09355808195216
3410,4.08926343917847,4.09355858056649,4.09355858161696,4.09355783958173,4.0935581022221
3411,4.08906364440918,4.09355859978827,4.09355860071829,4.09355786041855,4.09355812244464
3412,4.0892071723938,4.09355861896486,4.09355861977494,4.09355788120662,4.09355814261987
3413,4.08924722671509,4.09355863809635,4.09355863878703,4.09355790194608,4.09355816274792
3414,4.08924245834351,4.09355865718285,4.09355865775465,4.09355792263703,4.09355818282889
3415,4.08926343917847,4.09355867622447,4.09355867667791,4.09355794327959,4.0935582028629
3416,4.08930683135986,4.09355869522131,4.09355869555691,4.09355796387386,4.09355822285005
3417,4.08921384811401,4.09355871417348,4.09355871439176,4.09355798441997,4.09355824279045
3418,4.08921051025391,4.09355873308108,4.09355873318257,4.09355800491803,4.09355826268422
3419,4.08922529220581,4.09355875194423,4.09355875192942,4.09355802536813,4.09355828253146
3420,4.08920812606812,4.09355877076302,4.09355877063243,4.09355804577042,4.09355830233228
3421,4.08924627304077,4.09355878953755,4.09355878929171,4.09355806612498,4.09355832208679
3422,4.08923578262329,4.09355880826794,4.09355880790734,4.09355808643194,4.0935583417951
3423,4.08919382095337,4.09355882695428,4.09355882647943,4.0935581066914,4.09355836145732
3424,4.08935403823853,4.09355884559668,4.09355884500809,4.09355812690348,4.09355838107355
3425,4.08923149108887,4.09355886419524,4.09355886349342,4.09355814706829,4.0935584006439
3426,4.08927059173584,4.09355888275007,4.09355888193553,4.09355816718593,4.09355842016848
3427,4.08924436569214,4.09355890126127,4.09355890033449,4.09355818725652,4.09355843964739
3428,4.08927059173584,4.09355891972895,4.09355891869043,4.09355820728017,4.09355845908075
3429,4.08920431137085,4.09355893815319,4.09355893700344,4.09355822725699,4.09355847846866
3430,4.08921384811401,4.09355895653411,4.09355895527362,4.09355824718709,4.09355849781123
3431,4.08923816680908,4.09355897487181,4.09355897350107,4.09355826707057,4.09355851710855
3432,4.08921575546265,4.09355899316639,4.0935589916859,4.09355828690755,4.09355853636075
3433,4.08925724029541,4.09355901141795,4.09355900982819,4.09355830669813,4.09355855556792
3434,4.08922100067139,4.09355902962659,4.09355902792806,4.09355832644243,4.09355857473017
3435,4.08929204940796,4.09355904779242,4.0935590459856,4.09355834614055,4.0935585938476
3436,4.08917760848999,4.09355906591553,4.09355906400091,4.0935583657926,4.09355861292033
3437,4.08928680419922,4.09355908399603,4.09355908197409,4.09355838539869,4.09355863194844
3438,4.08921146392822,4.09355910203401,4.09355909990523,4.09355840495893,4.09355865093206
3439,4.08916807174683,4.09355912002957,4.09355911779444,4.09355842447341,4.09355866987128
3440,4.08911848068237,4.09355913798282,4.09355913564182,4.09355844394226,4.0935586887662
3441,4.08922815322876,4.09355915589386,4.09355915344745,4.09355846336557,4.09355870761693
3442,4.08924436569214,4.09355917376277,4.09355917121145,4.09355848274346,4.09355872642358
3443,4.08933067321777,4.09355919158967,4.0935591889339,4.09355850207603,4.09355874518624
3444,4.08917665481567,4.09355920937466,4.0935592066149,4.09355852136338,4.09355876390503
3445,4.08921384811401,4.09355922711782,4.09355922425456,4.09355854060562,4.09355878258003
3446,4.08924961090088,4.09355924481926,4.09355924185296,4.09355855980287,4.09355880121136
3447,4.08924007415771,4.09355926247908,4.09355925941021,4.09355857895521,4.09355881979912
3448,4.08918428421021,4.09355928009738,4.0935592769264,4.09355859806276,4.0935588383434
3449,4.0892972946167,4.09355929767424,4.09355929440162,4.09355861712562,4.09355885684432
3450,4.08923387527466,4.09355931520978,4.09355931183598,4.0935586361439,4.09355887530197
3451,4.08913564682007,4.09355933270408,4.09355932922957,4.09355865511771,4.09355889371645
3452,4.08926343917847,4.09355935015725,4.09355934658247,4.09355867404713,4.09355891208787
3453,4.08927583694458,4.09355936756938,4.0935593638948,4.09355869293229,4.09355893041632
3454,4.08929204940796,4.09355938494057,4.09355938116664,4.09355871177328,4.0935589487019
3455,4.08928632736206,4.09355940227091,4.09355939839809,4.09355873057021,4.09355896694473
3456,4.08924436569214,4.0935594195605,4.09355941558924,4.09355874932317,4.09355898514488
3457,4.08921909332275,4.09355943680944,4.0935594327402,4.09355876803228,4.09355900330248
3458,4.08937931060791,4.09355945401782,4.09355944985104,4.09355878669763,4.09355902141761
3459,4.08918380737305,4.09355947118573,4.09355946692186,4.09355880531933,4.09355903949038
3460,4.08922433853149,4.09355948831328,4.09355948395276,4.09355882389748,4.09355905752088
3461,4.08924341201782,4.09355950540055,4.09355950094384,4.09355884243218,4.09355907550921
3462,4.0892505645752,4.09355952244765,4.09355951789519,4.09355886092353,4.09355909345547
3463,4.08922100067139,4.09355953945466,4.09355953480689,4.09355887937164,4.09355911135977
3464,4.08895778656006,4.09355955642169,4.09355955167904,4.0935588977766,4.09355912922219
3465,4.08906555175781,4.09355957334882,4.09355956851173,4.09355891613852,4.09355914704284
3466,4.08920860290527,4.09355959023614,4.09355958530506,4.0935589344575,4.09355916482181
3467,4.08927059173584,4.09355960708376,4.09355960205912,4.09355895273363,4.0935591825592
3468,4.08923578262329,4.09355962389177,4.093559618774,4.09355897096702,4.09355920025512
3469,4.08912801742554,4.09355964066025,4.09355963544979,4.09355898915778,4.09355921790965
3470,4.08908176422119,4.09355965738931,4.09355965208659,4.09355900730599,4.09355923552289
3471,4.08919906616211,4.09355967407903,4.09355966868448,4.09355902541175,4.09355925309494
3472,4.08927392959595,4.09355969072951,4.09355968524355,4.09355904347518,4.0935592706259
3473,4.08921051025391,4.09355970734084,4.0935597017639,4.09355906149635,4.09355928811586
3474,4.08917856216431,4.09355972391311,4.09355971824562,4.09355907947539,4.09355930556492
3475,4.08924531936646,4.09355974044642,4.09355973468879,4.09355909741238,4.09355932297317
3476,4.08927488327026,4.09355975694085,4.09355975109352,4.09355911530742,4.09355934034071
3477,4.08917856216431,4.09355977339649,4.09355976745988,4.09355913316061,4.09355935766763
3478,4.08927488327026,4.09355978981345,4.09355978378796,4.09355915097204,4.09355937495404
3479,4.08922815322876,4.0935598061918,4.09355980007787,4.09355916874183,4.09355939220002
3480,4.08933210372925,4.09355982253165,4.09355981632967,4.09355918647005,4.09355940940566
3481,4.08921146392822,4.09355983883307,4.09355983254348,4.09355920415682,4.09355942657107
3482,4.08920526504517,4.09355985509617,4.09355984871937,4.09355922180222,4.09355944369634
3483,4.08924007415771,4.09355987132102,4.09355986485743,4.09355923940636,4.09355946078156
3484,4.08927059173584,4.09355988750773,4.09355988095775,4.09355925696933,4.09355947782683
3485,4.08920621871948,4.09355990365638,4.09355989702043,4.09355927449123,4.09355949483223
3486,4.08921766281128,4.09355991976706,4.09355991304554,4.09355929197215,4.09355951179786
3487,4.08918285369873,4.09355993583985,4.09355992903317,4.09355930941218,4.09355952872382
3488,4.0891695022583,4.09355995187486,4.09355994498342,4.09355932681144,4.0935595456102
3489,4.08915567398071,4.09355996787217,4.09355996089637,4.09355934417,4.09355956245709
3490,4.08920288085938,4.09355998383186,4.09355997677211,4.09355936148797,4.09355957926458
3491,4.08932113647461,4.09355999975402,4.09355999261073,4.09355937876544,4.09355959603277
3492,4.08926248550415,4.09356001563875,4.0935600084123,4.0935593960025,4.09355961276174
3493,4.08913850784302,4.09356003148613,4.09356002417693,4.09355941319926,4.09355962945159
3494,4.08916187286377,4.09356004729625,4.09356003990469,4.0935594303558,4.09355964610241
3495,4.08922004699707,4.0935600630692,4.09356005559567,4.09355944747221,4.09355966271429
3496,4.08916711807251,4.09356007880506,4.09356007124996,4.0935594645486,4.09355967928733
3497,4.08924007415771,4.09356009450392,4.09356008686764,4.09355948158506,4.09355969582161
3498,4.08936262130737,4.09356011016587,4.0935601024488,4.09355949858167,4.09355971231722
3499,4.08913993835449,4.09356012579099,4.09356011799353,4.09355951553853,4.09355972877426
3500,4.08912897109985,4.09356014137938,4.0935601335019,4.09355953245575,4.09355974519282
3501,4.08933067321777,4.09356015693112,4.09356014897401,4.0935595493334,4.09355976157297
3502,4.08921051025391,4.09356017244629,4.09356016440994,4.09355956617158,4.09355977791483
3503,4.08937931060791,4.09356018792498,4.09356017980978,4.09355958297038,4.09355979421847
3504,4.08923387527466,4.09356020336728,4.0935601951736,4.0935595997299,4.09355981048398
3505,4.08925819396973,4.09356021877327,4.0935602105015,4.09355961645023,4.09355982671145
3506,4.08924865722656,4.09356023414304,4.09356022579355,4.09355963313145,4.09355984290098
3507,4.08917665481567,4.09356024947667,4.09356024104984,4.09355964977367,4.09355985905265
3508,4.08920192718506,4.09356026477424,4.09356025627046,4.09355966637697,4.09355987516655
3509,4.08918285369873,4.09356028003586,4.09356027145549,4.09355968294143,4.09355989124276
3510,4.08912992477417,4.09356029526158,4.093560286605,4.09355969946717,4.09355990728139
3511,4.08915042877197,4.09356031045151,4.0935603017191,4.09355971595425,4.0935599232825
3512,4.08933210372925,4.09356032560573,4.09356031679784,4.09355973240279,4.0935599392462
3513,4.08925151824951,4.09356034072431,4.09356033184133,4.09355974881286,4.09355995517256
3514,4.08927297592163,4.09356035580735,4.09356034684965,4.09355976518455,4.09355997106169
3515,4.08929824829102,4.09356037085493,4.09356036182286,4.09355978151796,4.09355998691366
3516,4.08934783935547,4.09356038586712,4.09356037676107,4.09355979781317,4.09356000272856
3517,4.08917045593262,4.09356040084402,4.09356039166434,4.09355981407027,4.09356001850647
3518,4.08916282653809,4.09356041578571,4.09356040653276,4.09355983028936,4.09356003424749
3519,4.08919477462769,4.09356043069227,4.09356042136642,4.09355984647052,4.0935600499517
3520,4.08924627304077,4.09356044556378,4.09356043616538,4.09355986261384,4.09356006561919
3521,4.08913040161133,4.09356046040032,4.09356045092975,4.09355987871941,4.09356008125004
3522,4.08926010131836,4.09356047520198,4.09356046565959,4.09355989478732,4.09356009684434
3523,4.08921909332275,4.09356048996884,4.09356048035498,4.09355991081765,4.09356011240217
3524,4.08924341201782,4.09356050470099,4.09356049501601,4.09355992681049,4.09356012792362
3525,4.08929300308228,4.09356051939849,4.09356050964276,4.09355994276594,4.09356014340878
3526,4.08915138244629,4.09356053406144,4.09356052423531,4.09355995868408,4.09356015885772
3527,4.08914470672607,4.09356054868991,4.09356053879373,4.09355997456499,4.09356017427053
3528,4.08929491043091,4.09356056328399,4.09356055331811,4.09355999040876,4.09356018964731
3529,4.0892391204834,4.09356057784376,4.09356056780853,4.09356000621549,4.09356020498813
3530,4.08939123153687,4.0935605923693,4.09356058226507,4.09356002198525,4.09356022029308
3531,4.0891695022583,4.09356060686068,4.0935605966878,4.09356003771814,4.09356023556223
3532,4.0893702507019,4.093560621318,4.0935606110768,4.09356005341423,4.09356025079568
3533,4.08919382095337,4.09356063574132,4.09356062543216,4.09356006907362,4.09356026599351
3534,4.08929204940796,4.09356065013073,4.09356063975395,4.09356008469639,4.0935602811558
3535,4.08911514282227,4.09356066448632,4.09356065404225,4.09356010028263,4.09356029628264
3536,4.08929395675659,4.09356067880814,4.09356066829715,4.09356011583242,4.0935603113741
3537,4.08919763565063,4.0935606930963,4.0935606825187,4.09356013134585,4.09356032643027
3538,4.08914089202881,4.09356070735087,4.09356069670701,4.093560146823,4.09356034145124
3539,4.0890793800354,4.09356072157192,4.09356071086214,4.09356016226396,4.09356035643708
3540,4.08925724029541,4.09356073575954,4.09356072498417,4.09356017766881,4.09356037138788
3541,4.0891695022583,4.0935607499138,4.09356073907317,4.09356019303764,4.09356038630371
3542,4.08923387527466,4.09356076403478,4.09356075312924,4.09356020837053,4.09356040118467
3543,4.08930158615112,4.09356077812256,4.09356076715243,4.09356022366757,4.09356041603083
3544,4.08919906616211,4.09356079217722,4.09356078114284,4.09356023892883,4.09356043084228
3545,4.08918857574463,4.09356080619884,4.09356079510053,4.09356025415441,4.09356044561909
3546,4.08924770355225,4.09356082018749,4.09356080902558,4.09356026934438,4.09356046036134
3547,4.08927583694458,4.09356083414326,4.09356082291808,4.09356028449884,4.09356047506913
3548,4.08915948867798,4.09356084806621,4.09356083677808,4.09356029961786,4.09356048974252
3549,4.0892972946167,4.09356086195643,4.09356085060569,4.09356031470152,4.0935605043816
3550,4.08923482894897,4.09356087581399,4.09356086440095,4.09356032974991,4.09356051898645
3551,4.08935737609863,4.09356088963897,4.09356087816396,4.09356034476311,4.09356053355715
3552,4.0892505645752,4.09356090343145,4.09356089189479,4.09356035974121,4.09356054809377
3553,4.08924770355225,4.0935609171915,4.09356090559351,4.09356037468428,4.09356056259641
3554,4.08937501907349,4.0935609309192,4.0935609192602,4.09356038959241,4.09356057706513
3555,4.08918952941895,4.09356094461463,4.09356093289494,4.09356040446567,4.09356059150002
3556,4.08916521072388,4.09356095827786,4.09356094649779,4.09356041930416,4.09356060590116
3557,4.08918285369873,4.09356097190896,4.09356096006884,4.09356043410795,4.09356062026862
3558,4.08923292160034,4.09356098550802,4.09356097360815,4.09356044887712,4.09356063460249
3559,4.08933210372925,4.0935609990751,4.0935609871158,4.09356046361176,4.09356064890283
3560,4.08929681777954,4.09356101261029,4.09356100059187,4.09356047831194,4.09356066316974
3561,4.08925724029541,4.09356102611366,4.09356101403643,4.09356049297775,4.09356067740329
3562,4.08923673629761,4.09356103958528,4.09356102744955,4.09356050760927,4.09356069160356
3563,4.08907842636108,4.09356105302523,4.09356104083131,4.09356052220657,4.09356070577062
3564,4.08926200866699,4.09356106643358,4.09356105418178,4.09356053676974,4.09356071990455
3565,4.08916711807251,4.09356107981041,4.09356106750104,4.09356055129885,4.09356073400544
3566,4.08917379379272,4.09356109315579,4.09356108078915,4.09356056579399,4.09356074807335
3567,4.08924245834351,4.09356110646979,4.09356109404619,4.09356058025524,4.09356076210837
3568,4.08929491043091,4.09356111975249,4.09356110727223,4.09356059468267,4.09356077611057
3569,4.08929491043091,4.09356113300397,4.09356112046734,4.09356060907636,4.09356079008003
3570,4.08916711807251,4.09356114622428,4.0935611336316,4.0935606234364,4.09356080401682
3571,4.08931064605713,4.09356115941352,4.09356114676509,4.09356063776286,4.09356081792103
3572,4.08918285369873,4.09356117257175,4.09356115986786,4.09356065205581,4.09356083179272
3573,4.08924722671509,4.09356118569905,4.09356117293999,4.09356066631535,4.09356084563198
3574,4.08918428421021,4.09356119879549,4.09356118598156,4.09356068054154,4.09356085943888
3575,4.08921909332275,4.09356121186113,4.09356119899264,4.09356069473447,4.09356087321349
3576,4.08925580978394,4.09356122489605,4.09356121197329,4.09356070889421,4.0935608869559
3577,4.08916711807251,4.09356123790034,4.09356122492359,4.09356072302084,4.09356090066617
3578,4.08927822113037,4.09356125087405,4.09356123784361,4.09356073711444,4.09356091434438
3579,4.08923673629761,4.09356126381725,4.09356125073342,4.09356075117508,4.09356092799061
3580,4.08928346633911,4.09356127673003,4.0935612635931,4.09356076520285,4.09356094160493
3581,4.08916187286377,4.09356128961245,4.0935612764227,4.09356077919781,4.09356095518741
3582,4.08918714523315,4.09356130246459,4.0935612892223,4.09356079316005,4.09356096873814
3583,4.08925580978394,4.09356131528651,4.09356130199198,4.09356080708964,4.09356098225718
3584,4.08917045593262,4.09356132807829,4.0935613147318,4.09356082098666,4.09356099574461
3585,4.08926248550415,4.09356134083999,4.09356132744183,4.09356083485119,4.0935610092005
3586,4.08931159973145,4.09356135357169,4.09356134012215,4.09356084868329,4.09356102262494
3587,4.08924722671509,4.09356136627346,4.09356135277281,4.09356086248305,4.09356103601798
3588,4.08923149108887,4.09356137894537,4.09356136539389,4.09356087625055,4.0935610493797
3589,4.08923244476318,4.09356139158748,4.09356137798547,4.09356088998585,4.09356106271018
3590,4.0892539024353,4.09356140419987,4.0935613905476,4.09356090368904,4.0935610760095
3591,4.08933639526367,4.09356141678262,4.09356140308036,4.09356091736018,4.09356108927771
3592,4.08920431137085,4.09356142933578,4.09356141558382,4.09356093099935,4.0935611025149
3593,4.08934783935547,4.09356144185943,4.09356142805804,4.09356094460664,4.09356111572114
3594,4.08930635452271,4.09356145435364,4.0935614405031,4.09356095818211,4.0935611288965
3595,4.0892391204834,4.09356146681848,4.09356145291905,4.09356097172583,4.09356114204105
3596,4.08918952941895,4.09356147925401,4.09356146530598,4.09356098523789,4.09356115515487
3597,4.08929300308228,4.0935614916603,4.09356147766394,4.09356099871835,4.09356116823803
3598,4.08914709091187,4.09356150403743,4.09356148999301,4.09356101216729,4.09356118129059
3599,4.0891637802124,4.09356151638547,4.09356150229325,4.09356102558478,4.09356119431264
3600,4.08921766281128,4.09356152870447,4.09356151456473,4.0935610389709,4.09356120730423
3601,4.0892391204834,4.09356154099451,4.09356152680752,4.09356105232572,4.09356122026545
3602,4.08926010131836,4.09356155325566,4.09356153902169,4.09356106564931,4.09356123319636
3603,4.08932542800903,4.09356156548798,4.09356155120729,4.09356107894175,4.09356124609704
3604,4.08920192718506,4.09356157769155,4.0935615633644,4.09356109220311,4.09356125896755
3605,4.08921480178833,4.09356158986642,4.09356157549309,4.09356110543346,4.09356127180797
3606,4.08925580978394,4.09356160201268,4.09356158759342,4.09356111863288,4.09356128461837
3607,4.08926200866699,4.09356161413038,4.09356159966546,4.09356113180143,4.09356129739881
3608,4.08930015563965,4.09356162621959,4.09356161170927,4.09356114493919,4.09356131014937
3609,4.08924770355225,4.09356163828038,4.09356162372492,4.09356115804623,4.09356132287011
3610,4.08925819396973,4.09356165031282,4.09356163571248,4.09356117112262,4.09356133556112
3611,4.08913660049438,4.09356166231697,4.09356164767201,4.09356118416844,4.09356134822245
3612,4.08922958374023,4.0935616742929,4.09356165960357,4.09356119718376,4.09356136085417
3613,4.08927917480469,4.09356168624068,4.09356167150724,4.09356121016864,4.09356137345636
3614,4.08924722671509,4.09356169816037,4.09356168338308,4.09356122312316,4.09356138602909
3615,4.08931398391724,4.09356171005203,4.09356169523115,4.09356123604739,4.09356139857241
3616,4.089195728302,4.09356172191574,4.09356170705152,4.0935612489414,4.09356141108641
3617,4.08922433853149,4.09356173375156,4.09356171884425,4.09356126180526,4.09356142357115
3618,4.08933305740356,4.09356174555956,4.09356173060941,4.09356127463905,4.09356143602669
3619,4.08913469314575,4.09356175733979,4.09356174234706,4.09356128744282,4.09356144845311
3620,4.08921670913696,4.09356176909233,4.09356175405726,4.09356130021666,4.09356146085048
3621,4.08921480178833,4.09356178081725,4.09356176574009,4.09356131296063,4.09356147321886
3622,4.08917665481567,4.0935617925146,4.0935617773956,4.0935613256748,4.09356148555833
3623,4.08924770355225,4.09356180418445,4.09356178902386,4.09356133835925,4.09356149786894
3624,4.08919048309326,4.09356181582687,4.09356180062493,4.09356135101403,4.09356151015076
3625,4.08940935134888,4.09356182744191,4.09356181219887,4.09356136363923,4.09356152240387
3626,4.08922815322876,4.09356183902965,4.09356182374576,4.09356137623491,4.09356153462833
3627,4.08926868438721,4.09356185059015,4.09356183526565,4.09356138880113,4.09356154682421
3628,4.08927917480469,4.09356186212348,4.0935618467586,4.09356140133798,4.09356155899157
3629,4.08929395675659,4.09356187362968,4.09356185822469,4.09356141384551,4.09356157113048
3630,4.08923673629761,4.09356188510885,4.09356186966396,4.09356142632379,4.09356158324101
3631,4.08921575546265,4.09356189656102,4.09356188107648,4.0935614387729,4.09356159532323
3632,4.08941030502319,4.09356190798627,4.09356189246233,4.09356145119291,4.09356160737719
3633,4.0892219543457,4.09356191938466,4.09356190382155,4.09356146358387,4.09356161940298
3634,4.08915424346924,4.09356193075626,4.09356191515422,4.09356147594586,4.09356163140064
3635,4.08930158615112,4.09356194210113,4.09356192646039,4.09356148827894,4.09356164337025
3636,4.08917570114136,4.09356195341932,4.09356193774012,4.09356150058319,4.09356165531187
3637,4.08928537368774,4.09356196471091,4.09356194899348,4.09356151285867,4.09356166722557
3638,4.08929204940796,4.09356197597595,4.09356196022053,4.09356152510545,4.09356167911142
3639,4.08918952941895,4.09356198721451,4.09356197142133,4.09356153732359,4.09356169096948
3640,4.08914709091187,4.09356199842665,4.09356198259594,4.09356154951317,4.09356170279981
3641,4.08931589126587,4.09356200961243,4.09356199374443,4.09356156167424,4.09356171460248
3642,4.08922863006592,4.09356202077192,4.09356200486685,4.09356157380688,4.09356172637756
3643,4.08930253982544,4.09356203190517,4.09356201596326,4.09356158591115,4.0935617381251
3644,4.08929395675659,4.09356204301225,4.09356202703373,4.09356159798712,4.09356174984518
3645,4.08912467956543,4.09356205409322,4.09356203807832,4.09356161003486,4.09356176153785
3646,4.08927392959595,4.09356206514814,4.09356204909709,4.09356162205443,4.09356177320319
3647,4.08927488327026,4.09356207617707,4.09356206009009,4.09356163404589,4.09356178484125
3648,4.08915662765503,4.09356208718008,4.09356207105739,4.09356164600932,4.0935617964521
3649,4.08926248550415,4.09356209815721,4.09356208199905,4.09356165794477,4.09356180803581
3650,4.08943128585815,4.09356210910855,4.09356209291513,4.09356166985232,4.09356181959242
3651,4.08932447433472,4.09356212003414,4.09356210380568,4.09356168173202,4.09356183112202
3652,4.0893816947937,4.09356213093404,4.09356211467077,4.09356169358395,4.09356184262466
3653,4.08911418914795,4.09356214180832,4.09356212551046,4.09356170540817,4.09356185410041
3654,4.08927059173584,4.09356215265704,4.09356213632481,4.09356171720474,4.09356186554933
3655,4.08932685852051,4.09356216348026,4.09356214711387,4.09356172897373,4.09356187697148
3656,4.08924531936646,4.09356217427803,4.09356215787771,4.09356174071521,4.09356188836692
3657,4.08918285369873,4.09356218505042,4.09356216861638,4.09356175242923,4.09356189973572
3658,4.08928966522217,4.09356219579748,4.09356217932994,4.09356176411586,4.09356191107794
3659,4.0893383026123,4.09356220651929,4.09356219001846,4.09356177577517,4.09356192239363
3660,4.08934783935547,4.09356221721588,4.09356220068198,4.09356178740722,4.09356193368288
3661,4.08916091918945,4.09356222788733,4.09356221132058,4.09356179901207,4.09356194494572
3662,4.0892539024353,4.09356223853369,4.0935622219343,4.09356181058978,4.09356195618224
3663,4.08929586410522,4.09356224915503,4.0935622325232,4.09356182214043,4.09356196739248
3664,4.08925819396973,4.0935622597514,4.09356224308735,4.09356183366407,4.09356197857651
3665,4.08920001983643,4.09356227032286,4.0935622536268,4.09356184516077,4.0935619897344
3666,4.08924341201782,4.09356228086947,4.09356226414161,4.09356185663059,4.09356200086619
3667,4.08935642242432,4.09356229139129,4.09356227463184,4.09356186807359,4.09356201197196
3668,4.08924627304077,4.09356230188837,4.09356228509754,4.09356187948984,4.09356202305176
3669,4.08920192718506,4.09356231236077,4.09356229553877,4.09356189087939,4.09356203410566
3670,4.08931589126587,4.09356232280856,4.09356230595558,4.09356190224231,4.09356204513371
3671,4.08931827545166,4.09356233323178,4.09356231634805,4.09356191357867,4.09356205613598
3672,4.08930683135986,4.09356234363051,4.09356232671622,4.09356192488852,4.09356206711253
3673,4.0892219543457,4.09356235400479,4.09356233706014,4.09356193617193,4.09356207806341
3674,4.08928537368774,4.09356236435468,4.09356234737989,4.09356194742896,4.09356208898869
3675,4.08929824829102,4.09356237468024,4.0935623576755,4.09356195865967,4.09356209988843
3676,4.08919382095337,4.09356238498153,4.09356236794705,4.09356196986412,4.09356211076268
3677,4.08910036087036,4.0935623952586,4.09356237819458,4.09356198104237,4.0935621216115
3678,4.08925247192383,4.09356240551152,4.09356238841815,4.09356199219449,4.09356213243497
3679,4.08923292160034,4.09356241574033,4.09356239861782,4.09356200332053,4.09356214323312
3680,4.08923387527466,4.09356242594509,4.09356240879364,4.09356201442056,4.09356215400603
3681,4.08932590484619,4.09356243612587,4.09356241894567,4.09356202549464,4.09356216475376
3682,4.08916282653809,4.09356244628272,4.09356242907397,4.09356203654283,4.09356217547635
3683,4.08921766281128,4.09356245641569,4.09356243917858,4.09356204756518,4.09356218617387
3684,4.08919906616211,4.09356246652484,4.09356244925958,4.09356205856176,4.09356219684639
3685,4.08926248550415,4.09356247661022,4.093562459317,4.09356206953264,4.09356220749395
3686,4.08923482894897,4.0935624866719,4.09356246935091,4.09356208047786,4.09356221811662
3687,4.0892071723938,4.09356249670993,4.09356247936136,4.09356209139749,4.09356222871445
3688,4.08926200866699,4.09356250672435,4.09356248934841,4.0935621022916,4.0935622392875
3689,4.08920860290527,4.09356251671524,4.09356249931211,4.09356211316023,4.09356224983584
3690,4.08921051025391,4.09356252668264,4.09356250925251,4.09356212400345,4.09356226035951
3691,4.089280128479,4.09356253662661,4.09356251916968,4.09356213482132,4.09356227085858
3692,4.08923673629761,4.09356254654721,4.09356252906366,4.0935621456139,4.0935622813331
3693,4.08927488327026,4.09356255644448,4.0935625389345,4.09356215638124,4.09356229178313
3694,4.08921146392822,4.09356256631849,4.09356254878227,4.09356216712341,4.09356230220873
3695,4.0892972946167,4.09356257616929,4.09356255860702,4.09356217784047,4.09356231260996
3696,4.08922815322876,4.09356258599693,4.09356256840879,4.09356218853246,4.09356232298686
3697,4.08931493759155,4.09356259580147,4.09356257818765,4.09356219919946,4.09356233333951
3698,4.08922624588013,4.09356260558296,4.09356258794365,4.09356220984152,4.09356234366795
3699,4.08924865722656,4.09356261534146,4.09356259767684,4.0935622204587,4.09356235397224
3700,4.08919334411621,4.09356262507702,4.09356260738727,4.09356223105106,4.09356236425245
3701,4.08926105499268,4.0935626347897,4.093562617075,4.09356224161865,4.09356237450861
3702,4.0893497467041,4.09356264447954,4.09356262674008,4.09356225216153,4.0935623847408
3703,4.08927297592163,4.0935626541466,4.09356263638257,4.09356226267977,4.09356239494907
3704,4.08921146392822,4.09356266379095,4.09356264600251,4.09356227317341,4.09356240513347
3705,4.08920097351074,4.09356267341261,4.09356265559996,4.09356228364252,4.09356241529406
3706,4.08924531936646,4.09356268301167,4.09356266517497,4.09356229408715,4.09356242543089
3707,4.08924531936646,4.09356269258815,4.0935626747276,4.09356230450736,4.09356243554403
3708,4.08924436569214,4.09356270214213,4.0935626842579,4.09356231490321,4.09356244563352
3709,4.08926725387573,4.09356271167365,4.09356269376591,4.09356232527476,4.09356245569942
3710,4.08950853347778,4.09356272118276,4.09356270325169,4.09356233562205,4.09356246574179
3711,4.08922815322876,4.09356273066952,4.0935627127153,4.09356234594516,4.09356247576068
3712,4.0893349647522,4.09356274013398,4.09356272215679,4.09356235624413,4.09356248575614
3713,4.08921766281128,4.09356274957619,4.0935627315762,4.09356236651902,4.09356249572824
3714,4.08913564682007,4.0935627589962,4.09356274097358,4.09356237676989,4.09356250567702
3715,4.08929300308228,4.09356276839408,4.093562750349,4.09356238699679,4.09356251560255
3716,4.08924865722656,4.09356277776986,4.0935627597025,4.09356239719978,4.09356252550486
3717,4.08914709091187,4.0935627871236,4.09356276903413,4.09356240737892,4.09356253538403
3718,4.08937406539917,4.09356279645535,4.09356277834395,4.09356241753426,4.0935625452401
3719,4.08917331695557,4.09356280576517,4.093562787632,4.09356242766586,4.09356255507313
3720,4.08926868438721,4.0935628150531,4.09356279689833,4.09356243777377,4.09356256488316
3721,4.08935928344727,4.0935628243192,4.093562806143,4.09356244785804,4.09356257467027
3722,4.08924865722656,4.09356283356352,4.09356281536606,4.09356245791874,4.09356258443449
3723,4.08930683135986,4.09356284278611,4.09356282456756,4.09356246795592,4.09356259417588
3724,4.08919143676758,4.09356285198702,4.09356283374754,4.09356247796964,4.0935626038945
3725,4.08922290802002,4.0935628611663,4.09356284290607,4.09356248795994,4.0935626135904
3726,4.08924007415771,4.09356287032401,4.09356285204318,4.09356249792688,4.09356262326362
3727,4.08920812606812,4.09356287946019,4.09356286115893,4.09356250787052,4.09356263291424
3728,4.08922338485718,4.09356288857489,4.09356287025337,4.09356251779092,4.09356264254229
3729,4.08913326263428,4.09356289766816,4.09356287932654,4.09356252768812,4.09356265214783
3730,4.08927202224731,4.09356290674006,4.09356288837851,4.09356253756218,4.09356266173091
3731,4.08929204940796,4.09356291579064,4.09356289740931,4.09356254741316,4.09356267129159
3732,4.08926630020142,4.09356292481994,4.093562906419,4.09356255724111,4.09356268082992
3733,4.08943223953247,4.09356293382802,4.09356291540763,4.09356256704607,4.09356269034595
3734,4.08926343917847,4.09356294281492,4.09356292437524,4.09356257682812,4.09356269983973
3735,4.08928680419922,4.0935629517807,4.09356293332188,4.09356258658729,4.09356270931131
3736,4.08924770355225,4.0935629607254,4.09356294224762,4.09356259632365,4.09356271876075
3737,4.08926010131836,4.09356296964908,4.09356295115248,4.09356260603725,4.0935627281881
3738,4.08928966522217,4.09356297855178,4.09356296003653,4.09356261572814,4.09356273759341
3739,4.08921575546265,4.09356298743355,4.0935629688998,4.09356262539637,4.09356274697674
3740,4.08926868438721,4.09356299629445,4.09356297774236,4.09356263504199,4.09356275633812
3741,4.08915042877197,4.09356300513451,4.09356298656424,4.09356264466507,4.09356276567761
3742,4.08930253982544,4.0935630139538,4.0935629953655,4.09356265426565,4.09356277499528
3743,4.08924102783203,4.09356302275236,4.09356300414618,4.09356266384378,4.09356278429116
3744,4.08942365646362,4.09356303153023,4.09356301290634,4.09356267339952,4.0935627935653
3745,4.08923149108887,4.09356304028747,4.09356302164601,4.09356268293292,4.09356280281776
3746,4.08938360214233,4.09356304902413,4.09356303036525,4.09356269244403,4.0935628120486
3747,4.08940601348877,4.09356305774025,4.09356303906411,4.09356270193291,4.09356282125785
3748,4.08924865722656,4.09356306643588,4.09356304774263,4.0935627113996,4.09356283044557
3749,4.08918857574463,4.09356307511107,4.09356305640086,4.09356272084416,4.09356283961182
3750,4.08930683135986,4.09356308376587,4.09356306503886,4.09356273026664,4.09356284875663
3751,4.08924245834351,4.09356309240032,4.09356307365665,4.09356273966709,4.09356285788006
3752,4.08934783935547,4.09356310101448,4.0935630822543,4.09356274904556,4.09356286698217
3753,4.08934259414673,4.09356310960839,4.09356309083185,4.09356275840211,4.09356287606299
3754,4.08929300308228,4.0935631181821,4.09356309938935,4.09356276773678,4.09356288512259
3755,4.08941555023193,4.09356312673566,4.09356310792684,4.09356277704963,4.093562894161
3756,4.08917570114136,4.09356313526911,4.09356311644437,4.0935627863407,4.09356290317828
3757,4.08923244476318,4.0935631437825,4.09356312494199,4.09356279561006,4.09356291217449
3758,4.08911848068237,4.09356315227588,4.09356313341975,4.09356280485774,4.09356292114966
3759,4.08927392959595,4.09356316074929,4.09356314187768,4.0935628140838,4.09356293010384
3760,4.08942079544067,4.09356316920279,4.09356315031584,4.0935628232883,4.0935629390371
3761,4.08936595916748,4.09356317763642,4.09356315873428,4.09356283247127,4.09356294794947
3762,4.08935546875,4.09356318605022,4.09356316713303,4.09356284163278,4.093562956841
3763,4.08915853500366,4.09356319444425,4.09356317551215,4.09356285077287,4.09356296571175
3764,4.08919858932495,4.09356320281854,4.09356318387168,4.09356285989159,4.09356297456176
3765,4.08925485610962,4.09356321117315,4.09356319221167,4.09356286898899,4.09356298339108
3766,4.08928108215332,4.09356321950813,4.09356320053216,4.09356287806512,4.09356299219975
3767,4.08924627304077,4.0935632278235,4.0935632088332,4.09356288712004,4.09356300098784
3768,4.08923387527466,4.09356323611934,4.09356321711483,4.09356289615378,4.09356300975537
3769,4.08924102783203,4.09356324439567,4.0935632253771,4.0935629051664,4.09356301850241
3770,4.0893087387085,4.09356325265255,4.09356323362006,4.09356291415796,4.09356302722901
3771,4.08928108215332,4.09356326089002,4.09356324184374,4.09356292312849,4.0935630359352
3772,4.08938455581665,4.09356326910813,4.0935632500482,4.09356293207805,4.09356304462103
3773,4.08930635452271,4.09356327730692,4.09356325823348,4.09356294100669,4.09356305328656
3774,4.08921241760254,4.09356328548644,4.09356326639963,4.09356294991446,4.09356306193184
3775,4.0892653465271,4.09356329364674,4.09356327454668,4.0935629588014,4.0935630705569
3776,4.08922815322876,4.09356330178785,4.09356328267469,4.09356296766756,4.09356307916179
3777,4.08911991119385,4.09356330990982,4.0935632907837,4.093562976513,4.09356308774657
3778,4.08908271789551,4.09356331801271,4.09356329887374,4.09356298533775,4.09356309631129
3779,4.08920526504517,4.09356332609655,4.09356330694488,4.09356299414188,4.09356310485597
3780,4.08947467803955,4.09356333416138,4.09356331499715,4.09356300292542,4.09356311338069
3781,4.08924961090088,4.09356334220726,4.09356332303059,4.09356301168843,4.09356312188547
3782,4.08927154541016,4.09356335023423,4.09356333104525,4.09356302043095,4.09356313037037
3783,4.08927583694458,4.09356335824233,4.09356333904118,4.09356302915303,4.09356313883543
3784,4.08937549591064,4.0935633662316,4.09356334701841,4.09356303785473,4.0935631472807
3785,4.08926105499268,4.0935633742021,4.09356335497699,4.09356304653607,4.09356315570623
3786,4.08928537368774,4.09356338215386,4.09356336291697,4.09356305519713,4.09356316411207
3787,4.08917379379272,4.09356339008694,4.09356337083839,4.09356306383793,4.09356317249825
3788,4.08922100067139,4.09356339800136,4.09356337874129,4.09356307245854,4.09356318086482
3789,4.08933591842651,4.09356340589718,4.09356338662571,4.09356308105899,4.09356318921184
3790,4.08929491043091,4.09356341377444,4.09356339449171,4.09356308963934,4.09356319753934
3791,4.08922338485718,4.09356342163318,4.09356340233931,4.09356309819962,4.09356320584738
3792,4.08928251266479,4.09356342947346,4.09356341016857,4.09356310673989,4.09356321413599
3793,4.08933734893799,4.0935634372953,4.09356341797952,4.0935631152602,4.09356322240523
3794,4.08922624588013,4.09356344509876,4.09356342577221,4.09356312376059,4.09356323065513
3795,4.08924722671509,4.09356345288388,4.09356343354669,4.0935631322411,4.09356323888575
3796,4.08923768997192,4.09356346065069,4.09356344130299,4.09356314070179,4.09356324709712
3797,4.08932113647461,4.09356346839926,4.09356344904116,4.0935631491427,4.0935632552893
3798,4.08929681777954,4.0935634761296,4.09356345676124,4.09356315756388,4.09356326346233
3799,4.08921384811401,4.09356348384178,4.09356346446327,4.09356316596537,4.09356327161625
3800,4.0893235206604,4.09356349153583,4.0935634721473,4.09356317434722,4.09356327975111
3801,4.08928775787354,4.0935634992118,4.09356347981336,4.09356318270947,4.09356328786695
3802,4.08926248550415,4.09356350686972,4.0935634874615,4.09356319105218,4.09356329596382
3803,4.08928346633911,4.09356351450964,4.09356349509176,4.09356319937538,4.09356330404175
3804,4.08932781219482,4.0935635221316,4.09356350270419,4.09356320767912,4.09356331210081
3805,4.08929395675659,4.09356352973565,4.09356351029882,4.09356321596345,4.09356332014102
3806,4.08922958374023,4.09356353732183,4.09356351787569,4.09356322422842,4.09356332816244
3807,4.0892505645752,4.09356354489017,4.09356352543485,4.09356323247405,4.09356333616511
3808,4.0892767906189,4.09356355244072,4.09356353297634,4.09356324070042,4.09356334414906
3809,4.0892767906189,4.09356355997353,4.0935635405002,4.09356324890755,4.09356335211436
3810,4.0892653465271,4.09356356748863,4.09356354800647,4.0935632570955,4.09356336006103
3811,4.08942365646362,4.09356357498607,4.0935635554952,4.09356326526431,4.09356336798912
3812,4.08930158615112,4.09356358246588,4.09356356296641,4.09356327341401,4.09356337589868
3813,4.08921766281128,4.09356358992811,4.09356357042017,4.09356328154467,4.09356338378975
3814,4.08925151824951,4.0935635973728,4.09356357785649,4.09356328965632,4.09356339166237
3815,4.08934688568115,4.0935636048,4.09356358527543,4.093563297749,4.09356339951659
3816,4.08928346633911,4.09356361220973,4.09356359267703,4.09356330582276,4.09356340735244
3817,4.0893497467041,4.09356361960205,4.09356360006133,4.09356331387766,4.09356341516998
3818,4.08917903900146,4.093563626977,4.09356360742836,4.09356332191372,4.09356342296924
3819,4.08919143676758,4.0935636343346,4.09356361477817,4.09356332993099,4.09356343075027
3820,4.08926725387573,4.09356364167492,4.0935636221108,4.09356333792952,4.09356343851311
3821,4.08919334411621,4.09356364899798,4.09356362942629,4.09356334590935,4.0935634462578
3822,4.08930444717407,4.09356365630383,4.09356363672468,4.09356335387053,4.09356345398439
3823,4.08931732177734,4.09356366359251,4.093563644006,4.0935633618131,4.09356346169291
3824,4.08929586410522,4.09356367086405,4.09356365127031,4.09356336973709,4.09356346938341
3825,4.08929204940796,4.0935636781185,4.09356365851763,4.09356337764257,4.09356347705594
3826,4.08931064605713,4.0935636853559,4.09356366574801,4.09356338552956,4.09356348471053
3827,4.08935928344727,4.09356369257629,4.09356367296148,4.09356339339811,4.09356349234722
3828,4.08927392959595,4.09356369977971,4.0935636801581,4.09356340124827,4.09356349996606
3829,4.08936595916748,4.09356370696619,4.09356368733788,4.09356340908008,4.09356350756709
3830,4.08937311172485,4.09356371413579,4.09356369450089,4.09356341689358,4.09356351515035
3831,4.08937644958496,4.09356372128853,4.09356370164715,4.09356342468881,4.09356352271588
3832,4.08926963806152,4.09356372842446,4.09356370877671,4.09356343246582,4.09356353026373
3833,4.08922958374023,4.09356373554362,4.0935637158896,4.09356344022465,4.09356353779393
3834,4.08925580978394,4.09356374264605,4.09356372298586,4.09356344796534,4.09356354530653
3835,4.08921909332275,4.09356374973178,4.09356373006553,4.09356345568793,4.09356355280156
3836,4.08917903900146,4.09356375680085,4.09356373712865,4.09356346339247,4.09356356027908
3837,4.08921337127686,4.09356376385331,4.09356374417526,4.093563471079,4.09356356773911
3838,4.08931922912598,4.09356377088919,4.0935637512054,4.09356347874756,4.0935635751817
3839,4.08921337127686,4.09356377790854,4.0935637582191,4.09356348639819,4.0935635826069
3840,4.08924627304077,4.09356378491139,4.09356376521641,4.09356349403094,4.09356359001474
3841,4.08940601348877,4.09356379189777,4.09356377219736,4.09356350164585,4.09356359740526
3842,4.08922004699707,4.09356379886774,4.09356377916199,4.09356350924295,4.0935636047785
3843,4.08917999267578,4.09356380582132,4.09356378611033,4.09356351682229,4.09356361213451
3844,4.08931493759155,4.09356381275856,4.09356379304244,4.09356352438392,4.09356361947331
3845,4.08918380737305,4.09356381967949,4.09356379995834,4.09356353192786,4.09356362679497
3846,4.08928537368774,4.09356382658416,4.09356380685808,4.09356353945417,4.09356363409951
3847,4.08920192718506,4.09356383347259,4.09356381374168,4.09356354696289,4.09356364138697
3848,4.08929491043091,4.09356384034484,4.09356382060919,4.09356355445405,4.09356364865739
3849,4.08935642242432,4.09356384720093,4.09356382746065,4.0935635619277,4.09356365591082
3850,4.08929824829102,4.09356385404091,4.09356383429609,4.09356356938388,4.0935636631473
3851,4.08929300308228,4.09356386086481,4.09356384111555,4.09356357682263,4.09356367036685
3852,4.089280128479,4.09356386767267,4.09356384791908,4.09356358424399,4.09356367756953
3853,4.0892505645752,4.09356387446453,4.09356385470669,4.093563591648,4.09356368475537
3854,4.08918380737305,4.09356388124043,4.09356386147844,4.0935635990347,4.09356369192442
3855,4.08921813964844,4.0935638880004,4.09356386823436,4.09356360640414,4.0935636990767
3856,4.08929300308228,4.09356389474448,4.09356387497449,4.09356361375634,4.09356370621227
3857,4.08917570114136,4.09356390147271,4.09356388169886,4.09356362109136,4.09356371333115
3858,4.08924198150635,4.09356390818512,4.09356388840751,4.09356362840923,4.09356372043339
3859,4.08930015563965,4.09356391488176,4.09356389510048,4.09356363571,4.09356372751903
3860,4.08925294876099,4.09356392156266,4.0935639017778,4.09356364299369,4.0935637345881
3861,4.08934545516968,4.09356392822785,4.09356390843951,4.09356365026036,4.09356374164065
3862,4.08924865722656,4.09356393487738,4.09356391508565,4.09356365751004,4.09356374867671
3863,4.08927822113037,4.09356394151128,4.09356392171625,4.09356366474278,4.09356375569633
3864,4.08934354782104,4.09356394812959,4.09356392833136,4.09356367195861,4.09356376269953
3865,4.08923768997192,4.09356395473234,4.093563934931,4.09356367915757,4.09356376968636
3866,4.08926248550415,4.09356396131957,4.09356394151521,4.09356368633969,4.09356377665686
3867,4.08929586410522,4.09356396789132,4.09356394808403,4.09356369350503,4.09356378361107
3868,4.0893406867981,4.09356397444762,4.0935639546375,4.09356370065362,4.09356379054902
3869,4.08916902542114,4.09356398098851,4.09356396117564,4.0935637077855,4.09356379747075
3870,4.08932018280029,4.09356398751403,4.0935639676985,4.0935637149007,4.0935638043763
3871,4.08926439285278,4.09356399402421,4.09356397420612,4.09356372199928,4.0935638112657
3872,4.08916091918945,4.09356400051909,4.09356398069852,4.09356372908125,4.093563818139
3873,4.08924722671509,4.0935640069987,4.09356398717574,4.09356373614668,4.09356382499624
3874,4.08922863006592,4.09356401346309,4.09356399363782,4.09356374319558,4.09356383183744
3875,4.08924436569214,4.09356401991227,4.0935640000848,4.09356375022801,4.09356383866265
3876,4.08931398391724,4.0935640263463,4.0935640065167,4.093563757244,4.0935638454719
3877,4.08928871154785,4.09356403276521,4.09356401293357,4.09356376424358,4.09356385226524
3878,4.08926868438721,4.09356403916903,4.09356401933544,4.09356377122681,4.0935638590427
3879,4.08920097351074,4.0935640455578,4.09356402572235,4.0935637781937,4.09356386580431
3880,4.08918714523315,4.09356405193155,4.09356403209432,4.09356378514432,4.09356387255012
3881,4.08935070037842,4.09356405829033,4.0935640384514,4.09356379207868,4.09356387928016
3882,4.0892391204834,4.09356406463415,4.09356404479362,4.09356379899683,4.09356388599446
3883,4.08919477462769,4.09356407096307,4.09356405112101,4.09356380589882,4.09356389269307
3884,4.08923578262329,4.09356407727711,4.09356405743361,4.09356381278466,4.09356389937602
3885,4.08933639526367,4.09356408357631,4.09356406373146,4.09356381965441,4.09356390604335
3886,4.08928108215332,4.0935640898607,4.09356407001458,4.0935638265081,4.09356391269509
3887,4.08923768997192,4.09356409613033,4.09356407628301,4.09356383334577,4.09356391933128
3888,4.0892219543457,4.09356410238521,4.0935640825368,4.09356384016746,4.09356392595196
3889,4.08928203582764,4.0935641086254,4.09356408877596,4.0935638469732,4.09356393255716
3890,4.08936071395874,4.09356411485092,4.09356409500054,4.09356385376302,4.09356393914693
3891,4.0893931388855,4.09356412106181,4.09356410121056,4.09356386053698,4.09356394572128
3892,4.08938884735107,4.0935641272581,4.09356410740607,4.0935638672951,4.09356395228027
3893,4.08913040161133,4.09356413343982,4.0935641135871,4.09356387403742,4.09356395882393
3894,4.08924007415771,4.09356413960701,4.09356411975368,4.09356388076398,4.09356396535228
3895,4.0893497467041,4.09356414575972,4.09356412590584,4.09356388747482,4.09356397186538
3896,4.08928442001343,4.09356415189795,4.09356413204363,4.09356389416997,4.09356397836325
3897,4.08925485610962,4.09356415802176,4.09356413816706,4.09356390084946,4.09356398484594
3898,4.08927392959595,4.09356416413118,4.09356414427618,4.09356390751334,4.09356399131346
3899,4.08939123153687,4.09356417022624,4.09356415037102,4.09356391416165,4.09356399776588
3900,4.08928108215332,4.09356417630697,4.09356415645161,4.09356392079442,4.0935640042032
3901,4.08924341201782,4.09356418237341,4.09356416251799,4.09356392741167,4.09356401062548
3902,4.08935546875,4.09356418842559,4.09356416857019,4.09356393401346,4.09356401703274
3903,4.08925485610962,4.09356419446355,4.09356417460824,4.09356394059982,4.09356402342503
3904,4.08929586410522,4.09356420048732,4.09356418063217,4.09356394717078,4.09356402980237
3905,4.08929586410522,4.09356420649693,4.09356418664203,4.09356395372638,4.09356403616481
3906,4.08934545516968,4.09356421249241,4.09356419263783,4.09356396026666,4.09356404251238
3907,4.08923578262329,4.0935642184738,4.09356419861962,4.09356396679164,4.0935640488451
3908,4.08938980102539,4.09356422444113,4.09356420458743,4.09356397330137,4.09356405516302
3909,4.08938789367676,4.09356423039444,4.09356421054128,4.09356397979589,4.09356406146617
3910,4.08919239044189,4.09356423633375,4.09356421648122,4.09356398627522,4.09356406775459
3911,4.08926010131836,4.09356424225911,4.09356422240727,4.09356399273941,4.09356407402831
3912,4.08928775787354,4.09356424817054,4.09356422831947,4.09356399918849,4.09356408028736
3913,4.08925580978394,4.09356425406807,4.09356423421785,4.09356400562249,4.09356408653178
3914,4.08921146392822,4.09356425995174,4.09356424010244,4.09356401204145,4.09356409276161
3915,4.08925676345825,4.09356426582159,4.09356424597328,4.0935640184454,4.09356409897687
3916,4.08926343917847,4.09356427167763,4.09356425183039,4.09356402483438,4.0935641051776
3917,4.08935117721558,4.09356427751992,4.09356425767381,4.09356403120844,4.09356411136384
3918,4.08921813964844,4.09356428334847,4.09356426350357,4.09356403756759,4.09356411753561
3919,4.08926010131836,4.09356428916332,4.09356426931971,4.09356404391187,4.09356412369296
3920,4.08930635452271,4.09356429496451,4.09356427512225,4.09356405024132,4.09356412983592
3921,4.08930969238281,4.09356430075206,4.09356428091122,4.09356405655598,4.09356413596451
3922,4.08937406539917,4.09356430652601,4.09356428668666,4.09356406285588,4.09356414207878
3923,4.0893235206604,4.09356431228639,4.0935642924486,4.09356406914105,4.09356414817876
3924,4.08937120437622,4.09356431803322,4.09356429819707,4.09356407541152,4.09356415426448
3925,4.08925580978394,4.09356432376655,4.09356430393211,4.09356408166734,4.09356416033597
3926,4.08933067321777,4.09356432948641,4.09356430965373,4.09356408790854,4.09356416639326
3927,4.08931827545166,4.09356433519282,4.09356431536199,4.09356409413515,4.0935641724364
3928,4.0893235206604,4.09356434088582,4.0935643210569,4.09356410034719,4.09356417846542
3929,4.08928680419922,4.09356434656544,4.0935643267385,4.09356410654472,4.09356418448033
3930,4.08924007415771,4.09356435223171,4.09356433240681,4.09356411272776,4.09356419048119
3931,4.08938360214233,4.09356435788466,4.09356433806188,4.09356411889635,4.09356419646802
3932,4.08926200866699,4.09356436352433,4.09356434370373,4.09356412505052,4.09356420244086
3933,4.08929395675659,4.09356436915074,4.09356434933239,4.0935641311903,4.09356420839973
3934,4.08935499191284,4.09356437476393,4.09356435494789,4.09356413731573,4.09356421434467
3935,4.08923482894897,4.09356438036392,4.09356436055026,4.09356414342684,4.09356422027572
3936,4.08928775787354,4.09356438595076,4.09356436613954,4.09356414952367,4.0935642261929
3937,4.08936882019043,4.09356439152446,4.09356437171576,4.09356415560624,4.09356423209626
3938,4.08921813964844,4.09356439708506,4.09356437727893,4.09356416167459,4.09356423798581
3939,4.08923768997192,4.09356440263259,4.09356438282911,4.09356416772876,4.09356424386159
3940,4.08942937850952,4.09356440816708,4.09356438836631,4.09356417376878,4.09356424972364
3941,4.08939933776855,4.09356441368857,4.09356439389057,4.09356417979467,4.09356425557198
3942,4.08929204940796,4.09356441919708,4.09356439940191,4.09356418580649,4.09356426140666
3943,4.08931303024292,4.09356442469264,4.09356440490037,4.09356419180425,4.09356426722769
3944,4.08917140960693,4.09356443017528,4.09356441038598,4.09356419778798,4.09356427303512
3945,4.08917045593262,4.09356443564504,4.09356441585876,4.09356420375773,4.09356427882897
3946,4.08931159973145,4.09356444110194,4.09356442131876,4.09356420971353,4.09356428460928
3947,4.08929920196533,4.09356444654602,4.09356442676598,4.0935642156554,4.09356429037608
3948,4.08932113647461,4.0935644519773,4.09356443220048,4.09356422158338,4.0935642961294
3949,4.08925580978394,4.09356445739582,4.09356443762227,4.09356422749751,4.09356430186926
3950,4.08929395675659,4.0935644628016,4.09356444303139,4.09356423339781,4.09356430759571
3951,4.0893406867981,4.09356446819468,4.09356444842787,4.09356423928432,4.09356431330878
3952,4.08925676345825,4.09356447357508,4.09356445381173,4.09356424515707,4.09356431900849
3953,4.08919668197632,4.09356447894283,4.093564459183,4.09356425101609,4.09356432469487
3954,4.08933591842651,4.09356448429797,4.09356446454172,4.09356425686141,4.09356433036797
3955,4.08934259414673,4.09356448964053,4.09356446988791,4.09356426269307,4.0935643360278
3956,4.08926439285278,4.09356449497052,4.09356447522161,4.0935642685111,4.0935643416744
3957,4.08924722671509,4.09356450028799,4.09356448054283,4.09356427431553,4.09356434730781
3958,4.08929061889648,4.09356450559296,4.09356448585163,4.09356428010639,4.09356435292804
3959,4.08932685852051,4.09356451088546,4.09356449114801,4.09356428588371,4.09356435853514
3960,4.08930778503418,4.09356451616553,4.093564496432,4.09356429164753,4.09356436412913
3961,4.08924102783203,4.09356452143318,4.09356450170365,4.09356429739787,4.09356436971004
3962,4.08924245834351,4.09356452555839,4.09356450618622,4.09356430196965,4.09356437398336
3963,4.01640701293945,4.01406755077886,4.01413878835634,4.01410244053571,4.01409050275008
3964,4.01354026794434,4.01377939985946,4.01399327970641,4.01388421416928,4.0138481983816
3965,4.01142930984497,4.01349233070605,4.01384869517742,4.01366642039441,4.01360629607227
3966,4.00965356826782,4.01320456284577,4.01370364465826,4.01344750642312,4.01336317179482
3967,4.00792789459229,4.01291515571937,4.01355747220824,4.01322668343827,4.01311798459225
3968,4.00645017623901,4.01262539740517,4.01341166437001,4.01300533188647,4.01287207914896
3969,4.00510740280151,4.01233496567178,4.01326602379239,4.0127831720939,4.01262515381337
3970,4.00377225875854,4.01204294675376,4.0131197048358,4.01255929582074,4.012376289481
3971,4.00264549255371,4.01174836159543,4.01297175271739,4.0123327023122,4.01212448349085
3972,4.00153636932373,4.01145398907353,4.01282493224921,4.01210612648642,4.01187247673723
3973,4.00153493881226,4.01115683443199,4.012676169159,4.01187647847361,4.01161719181196
3974,4.07347774505615,4.0904097922218,4.09196552824272,4.09113775936478,4.09087224604556
3975,4.07560300827026,4.09050365220957,4.09198567476394,4.09118296240624,4.09093039778381
3976,4.07671356201172,4.09059277592677,4.09200523465349,4.09122657945742,4.09098630906016
3977,4.07774972915649,4.09067747280282,4.09202423361352,4.0912686864212,4.09104009376397
3978,4.07839155197144,4.09075801031733,4.09204269250953,4.09130934919515,4.0910918524531
3979,4.07919025421143,4.0908346369825,4.09206063126037,4.09134863017763,4.09114167992592
3980,4.07972478866577,4.09090758399211,4.09207806893015,4.09138658859995,4.09118966577344
3981,4.08016967773438,4.09097706649706,4.0920950237604,4.09142328068908,4.09123589467774
3982,4.08053302764893,4.09104328486483,4.09211151320983,4.09145875984255,4.09128044672148
3983,4.08093881607056,4.09110642596902,4.09212755399138,4.0914930767897,4.09132339767189
3984,4.08114862442017,4.0911666641967,4.09214316210585,4.09152627973822,4.09136481923854
3985,4.0814847946167,4.09122416237888,4.09215835290869,4.09155841460853,4.09140477945645
3986,4.0816855430603,4.09127907265385,4.09217314109084,4.09158952502457,4.09144334270633
3987,4.08195972442627,4.09133153732075,4.09218754072329,4.09161965247874,4.09148056998888
3988,4.08201789855957,4.09138168960158,4.09220156530075,4.09164883649045,4.09151651918596
3989,4.08230113983154,4.091429654287,4.09221522777013,4.09167711471899,4.09155124525192
3990,4.08257293701172,4.09147554832476,4.09222854055106,4.09170452305162,4.09158480036582
3991,4.08276891708374,4.09151948138774,4.0922415155573,4.0917310956913,4.0916172340809
3992,4.08291053771973,4.0915615564091,4.09225416422095,4.09175686525004,4.0916485934805
3993,4.08302879333496,4.09160187006499,4.09226649751606,4.09178186283825,4.09167892332618
3994,4.08307027816772,4.09164051320732,4.09227852597965,4.09180611814493,4.09170826619068
3995,4.08321905136108,4.09167757126181,4.09229025973106,4.09182965951115,4.09173666257944
3996,4.08338403701782,4.09171312459998,4.09230170849051,4.09185251399968,4.09176415104522
3997,4.08346128463745,4.0917472488842,4.09231288159691,4.09187470746144,4.09179076829661
3998,4.08358669281006,4.09178001538485,4.09232378802506,4.09189626459811,4.09181654930005
3999,4.08369255065918,4.09181149127044,4.09233443640179,4.09191720902098,4.09184152737512
4000,4.08382415771484,4.09184173987644,4.0923448350137,4.09193756328527,4.09186573425273
